,index,melancholic,anxious,futuristic,male vocals,existential,alienation,atmospheric,lonely,cold,pessimistic,introspective,depressive,longing,dense,sarcastic,serious,urban,progressive,passionate,concept album,bittersweet,meditative,epic,complex,sentimental,melodic,political,conscious,poetic,protest,eclectic,religious,spiritual,rhythmic,Christian,uplifting,fantasy,philosophical,surreal,abstract,technical,improvisation,avant-garde,psychedelic,medieval,sombre,cryptic,winter,hypnotic,mysterious,dark,nocturnal,apocalyptic,ethereal,apathetic,noisy,romantic,love,female vocals,lush,Wall of Sound,warm,sensual,sexual,androgynous vocals,soothing,mellow,space,calm,summer,happy,medley,quirky,playful,optimistic,energetic,suite,sampling,humorous,boastful,drugs,deadpan,crime,raw,nihilistic,rebellious,hedonistic,dissonant,lo-fi,science fiction,anthemic,rock opera,triumphant,LGBT,death,autumn,polyphonic,repetitive,manic,tribal,instrumental,suspenseful,acoustic,violence,alcohol,aquatic,heavy,war,ominous,funereal,chamber music,vocal group,orchestral,history,vulgar,aggressive,uncommon time signatures,monologue,pastoral,soft,peaceful,minimalistic,sparse,sad,rain,breakup,misanthropic,satirical,angry,self-hatred,chaotic,folklore,nature,seasonal,spring,forest,choral,scary,lethargic,ballad,disturbing,mechanical,suicide,infernal,occult,pagan,tropical,party,anti-religious,hateful,mashup,ritualistic,desert,martial,mythology,natural,satanic,skit,parody,paranormal,Halloween,anarchism,atonal,Islamic,lyrics,waltz,jingle,opera,symphony,sports,fairy tale,oratorio,ensemble,string quartet,ideology,educational,Descriptor Count
0,0,0.0,0.0,0.0,1.3333333333333333,1.4761904761904763,0.0,0.0,0.0,0.0,0.0,0.0,0.0,0.0,0.0,0.0,0.0,0.0,0.0,0.0,0.0,0.0,0.0,1.4285714285714286,1.3571428571428572,0.0,0.0,0.0,0.0,0.0,0.0,0.0,0.0,0.0,0.0,0.0,0.0,0.0,0.0,0.0,0.0,1.4047619047619047,0.0,0.0,0.0,0.0,0.0,0.0,0.0,0.0,0.0,0.0,0.0,1.4523809523809523,0.0,0,0.0,0.0,0.0,0.0,0.0,0.0,0.0,0.0,0.0,0,0.0,0.0,0.0,0.0,0.0,0.0,0.0,0.0,0.0,0.0,1.5,0.0,0.0,0.0,0.0,0.0,0,0.0,0.0,0.0,0.0,0.0,0.0,0.0,0.0,0.0,0.0,0.0,0.0,0.0,0.0,0,0.0,0.0,0.0,0.0,0.0,0.0,0.0,0.0,0.0,1.2619047619047619,0.0,0.0,0,0.0,0,0.0,0,0.0,1.3095238095238095,1.2857142857142858,0,0.0,0.0,0.0,0.0,0.0,0.0,0.0,0.0,0.0,0.0,0.0,0.0,0.0,0.0,0.0,0,0.0,0.0,0,0.0,0.0,0.0,0.0,0.0,0.0,0.0,0.0,0,0.0,0.0,1.380952380952381,0.0,0,0.0,0.0,0.0,0,0.0,0,0,0,0.0,0.0,0.0,0.0,0,0,0,0,0,0,0,0,0,0.0,0,0,0,11
1,1,1.4761904761904763,0.0,0.0,1.4047619047619047,0.0,0.0,1.1666666666666667,1.2619047619047619,0.0,0.0,1.2380952380952381,0.0,1.0238095238095237,0.0,0.0,0.0,0.0,0.0,1.3095238095238095,0.0,1.0714285714285714,0.0,0.0,0.0,1.1904761904761905,1.2857142857142858,0.0,0.0,1.2142857142857142,0.0,0.0,0.0,0.0,0.0,0.0,0.0,0.0,0.0,0.0,0.0,0.0,0.0,0.0,0.0,0.0,0.0,0.0,1.4285714285714286,0.0,0.0,0.0,0.0,0.0,0.0,0,0.0,1.380952380952381,0.9285714285714286,0.0,0.9761904761904762,0.0,0.0,0.0,0.0,0,1.119047619047619,1.0952380952380953,0.0,0.0,0.0,0.0,0.0,0.0,0.0,0.0,0.0,0.0,0.0,0.0,0.0,0.0,0,0.0,0.0,0.0,0.0,0.0,0.0,0.0,0.0,0.0,0.0,0.0,0.0,0.0,0.9523809523809523,0,0.0,0.0,0.0,0.0,0.0,1.4523809523809523,0.0,0.0,0.0,0.0,0.0,0.0,0,0.0,0,0.0,0,0.0,0.0,0.0,0,0.0,1.0,0.0,1.1428571428571428,1.3333333333333333,1.3571428571428572,0.0,1.5,0.0,0.0,0.0,0.0,0.0,0.0,0.0,0,0.0,1.0476190476190477,0,0.0,0.0,0.0,0.0,0.0,0.0,0.0,0.0,0,0.0,0.0,0.0,0.0,0,0.0,0.0,0.0,0,0.0,0,0,0,0.0,0.0,0.0,0.0,0,0,0,0,0,0,0,0,0,0.0,0,0,0,25
2,2,1.4523809523809523,1.5,0.0,1.3571428571428572,1.2857142857142858,1.3333333333333333,1.2619047619047619,0.0,1.1428571428571428,0.0,1.0714285714285714,1.1904761904761905,0.0,0.0,0.0,1.2380952380952381,1.0952380952380953,0.0,1.4285714285714286,0.0,0.0,0.0,0.0,0.0,0.0,0.0,0.0,1.3095238095238095,0.0,0.0,0.0,0.0,0.0,1.1666666666666667,0.0,0.0,0.0,0.0,0.0,0.0,0.0,0.0,0.0,0.0,0.0,0.0,0.0,0.0,0.0,0.0,1.380952380952381,1.2142857142857142,0.0,0.0,0,0.0,0.0,0.0,0.0,0.0,0.0,0.0,0.0,0.0,0,0.0,0.0,0.0,0.0,0.0,0.0,0.0,0.0,0.0,0.0,1.4761904761904763,0.0,0.0,0.0,0.0,0.0,0,0.0,1.4047619047619047,0.0,0.0,0.0,0.0,0.0,0.0,0.0,0.0,0.0,0.0,0.0,0.0,0,0.0,0.0,0.0,0.0,0.0,0.0,0.0,0.0,0.0,0.0,0.0,1.119047619047619,0,0.0,0,0.0,0,0.0,0.0,0.0,0,0.0,0.0,0.0,0.0,0.0,0.0,0.0,0.0,0.0,0.0,0.0,0.0,0.0,0.0,0.0,0,0.0,0.0,0,0.0,0.0,0.0,0.0,0.0,0.0,0.0,0.0,0,0.0,0.0,0.0,0.0,0,0.0,0.0,0.0,0,0.0,0,0,0,0.0,0.0,0.0,0.0,0,0,0,0,0,0,0,0,0,0.0,0,0,0,19
3,3,0.0,0.0,0.0,0.0,0.0,0.0,1.2380952380952381,0.0,0.0,0.0,0.0,0.0,0.0,0.0,0.0,0.0,0.0,1.4047619047619047,0.0,1.4761904761904763,0.0,0.0,1.4523809523809523,1.2857142857142858,0.0,1.3571428571428572,0.0,0.0,0.0,0.0,0.0,0.0,0.0,0.0,0.0,0.0,1.3095238095238095,0.0,0.0,0.0,1.2619047619047619,0.0,0.0,0.0,0.0,0.0,0.0,1.4285714285714286,0.0,0.0,0.0,0.0,0.0,0.0,0,0.0,0.0,0.0,0.0,1.3333333333333333,0.0,0.0,0.0,0.0,0,1.1666666666666667,1.380952380952381,0.0,0.0,0.0,0.0,0.0,0.0,0.0,0.0,0.0,0.0,0.0,0.0,0.0,0.0,0,0.0,0.0,0.0,0.0,0.0,0.0,0.0,0.0,0.0,0.0,0.0,0.0,0.0,0.0,0,0.0,0.0,0.0,1.5,0.0,0.0,0.0,0.0,0.0,0.0,0.0,0.0,0,0.0,0,0.0,0,0.0,0.0,1.2142857142857142,0,1.1904761904761905,0.0,0.0,0.0,0.0,0.0,0.0,0.0,0.0,0.0,0.0,0.0,0.0,0.0,0.0,0,0.0,0.0,0,0.0,0.0,0.0,0.0,0.0,0.0,0.0,0.0,0,0.0,0.0,0.0,0.0,0,0.0,0.0,0.0,0,0.0,0,0,0,0.0,0.0,0.0,0.0,0,0,0,0,0,0,0,0,0,0.0,0,0,0,15
4,4,1.2857142857142858,0.0,0.0,0.0,0.0,0.0,0.0,0.0,0.0,0.0,0.0,0.0,0.0,0.0,0.0,0.0,0.0,0.0,1.380952380952381,0.0,0.0,1.3095238095238095,0.0,0.0,0.0,0.0,0.0,0.0,0.0,0.0,0.0,0.0,1.3571428571428572,0.0,0.0,0.0,0.0,0.0,0.0,0.0,0.0,1.4761904761904763,0.0,0.0,0.0,0.0,0.0,0.0,0.0,0.0,0.0,1.4285714285714286,0.0,0.0,0,0.0,0.0,0.0,0.0,0.0,0.0,1.4047619047619047,0.0,0.0,0,1.3333333333333333,0.0,0.0,0.0,0.0,0.0,0.0,0.0,0.0,0.0,0.0,0.0,0.0,0.0,0.0,0.0,0,0.0,0.0,0.0,0.0,0.0,0.0,0.0,0.0,0.0,0.0,0.0,0.0,0.0,0.0,0,0.0,0.0,0.0,1.5,0.0,1.4523809523809523,0.0,0.0,0.0,0.0,0.0,0.0,0,0.0,0,0.0,0,0.0,0.0,0.0,0,0.0,0.0,0.0,0.0,0.0,0.0,0.0,0.0,0.0,0.0,0.0,0.0,0.0,0.0,0.0,0,0.0,0.0,0,0.0,0.0,0.0,0.0,0.0,0.0,0.0,0.0,0,0.0,0.0,0.0,0.0,0,0.0,0.0,0.0,0,0.0,0,0,0,0.0,0.0,0.0,0.0,0,0,0,0,0,0,0,0,0,0.0,0,0,0,10
5,5,1.4047619047619047,1.3571428571428572,0.0,1.4761904761904763,0.0,1.3333333333333333,1.4285714285714286,1.3095238095238095,0.0,0.0,1.0952380952380953,0.0,1.380952380952381,0.0,0.0,0.0,0.0,0.0,1.1428571428571428,0.0,0.0,0.0,0.0,0.0,0.0,0.0,0.0,0.0,1.2619047619047619,0.0,0.0,0.0,0.0,0.0,0.0,0.0,0.0,0.0,1.2380952380952381,1.1666666666666667,0.0,0.0,0.0,1.2857142857142858,0.0,0.0,0.0,0.0,0.0,1.119047619047619,1.1904761904761905,1.5,0.0,0.0,0,0.0,0.0,0.0,0.0,0.0,0.0,0.0,0.0,0.0,0,0.0,0.0,0.0,0.0,0.0,0.0,0.0,0.0,0.0,0.0,0.0,0.0,0.0,0.0,0.0,0.0,0,0.0,0.0,0.0,0.0,0.0,0.0,0.0,0.0,0.0,0.0,0.0,0.0,0.0,0.0,0,0.0,0.0,0.0,0.0,0.0,0.0,0.0,0.0,0.0,0.0,0.0,0.0,0,0.0,0,0.0,0,0.0,0.0,0.0,0,0.0,0.0,0.0,0.0,0.0,0.0,1.2142857142857142,0.0,0.0,0.0,0.0,0.0,0.0,0.0,0.0,0,0.0,0.0,0,0.0,1.4523809523809523,0.0,0.0,0.0,0.0,0.0,0.0,0,0.0,0.0,0.0,0.0,0,0.0,0.0,0.0,0,0.0,0,0,0,0.0,0.0,0.0,0.0,0,0,0,0,0,0,0,0,0,0.0,0,0,0,18
6,6,0.0,0.0,0.0,1.4285714285714286,0.0,0.0,0.0,0.0,0.0,0.0,0.0,0.0,0.0,0.0,0.0,0.0,0.0,0.0,1.4047619047619047,0.0,0.0,0.0,0.0,0.0,0.0,0.0,0.0,0.0,0.0,0.0,0.0,0.0,0.0,0.0,0.0,0.0,0.0,0.0,0.0,0.0,0.0,0.0,0.0,0.0,0.0,0.0,0.0,0.0,0.0,0.0,0.0,0.0,0.0,0.0,0,0.0,0.0,1.3333333333333333,0.0,0.0,0.0,0.0,0.0,1.4761904761904763,0,0.0,0.0,0.0,0.0,0.0,0.0,0.0,0.0,1.4523809523809523,0.0,1.5,0.0,0.0,0.0,0.0,1.2857142857142858,0,0.0,1.380952380952381,0.0,1.3571428571428572,0.0,0.0,0.0,0.0,1.3095238095238095,0.0,0.0,0.0,0.0,0.0,0,0.0,0.0,0.0,0.0,0.0,0.0,0.0,0.0,0.0,0.0,0.0,0.0,0,0.0,0,0.0,0,0.0,0.0,0.0,0,0.0,0.0,0.0,0.0,0.0,0.0,0.0,0.0,0.0,0.0,0.0,0.0,0.0,0.0,0.0,0,0.0,0.0,0,0.0,0.0,0.0,0.0,0.0,0.0,0.0,0.0,0,0.0,0.0,0.0,0.0,0,0.0,0.0,0.0,0,0.0,0,0,0,0.0,0.0,0.0,0.0,0,0,0,0,0,0,0,0,0,0.0,0,0,0,10
7,7,0.0,0.0,0.0,0.0,0.0,0.0,0.0,0.0,0.0,0.0,0.0,0.0,0.0,0.0,0.0,0.0,1.2857142857142858,0.0,1.1428571428571428,0.0,0.0,0.0,0.0,0.0,0.0,1.4523809523809523,0.0,0.0,0.0,0.0,1.2142857142857142,0.0,0.0,1.4761904761904763,0.0,1.2619047619047619,0.0,0.0,0.0,0.0,0.0,0.0,0.0,0.0,0.0,0.0,0.0,0.0,0.0,0.0,0.0,0.0,0.0,1.1666666666666667,0,0.0,1.3571428571428572,1.3095238095238095,1.5,1.3333333333333333,0.0,1.1904761904761905,1.380952380952381,0.0,0,0.0,0.0,0.0,0.0,0.0,0.0,0.0,0.0,1.4047619047619047,1.2380952380952381,1.4285714285714286,0.0,0.0,0.0,0.0,0.0,0,0.0,0.0,0.0,0.0,0.0,0.0,0.0,0.0,0.0,0.0,0.0,0.0,0.0,0.0,0,0.0,0.0,0.0,0.0,0.0,0.0,0.0,0.0,0.0,0.0,0.0,0.0,0,0.0,0,0.0,0,0.0,0.0,0.0,0,0.0,0.0,0.0,0.0,0.0,0.0,0.0,0.0,0.0,0.0,0.0,0.0,0.0,0.0,0.0,0,0.0,0.0,0,0.0,0.0,0.0,0.0,0.0,0.0,0.0,0.0,0,0.0,0.0,0.0,0.0,0,0.0,0.0,0.0,0,0.0,0,0,0,0.0,0.0,0.0,0.0,0,0,0,0,0,0,0,0,0,0.0,0,0,0,16
8,8,0.0,0.0,0.0,1.380952380952381,0.0,0.0,0.0,0.0,0.0,0.0,0.0,0.0,0.0,0.0,0.0,0.0,0.0,0.0,1.2380952380952381,0.0,0.0,0.0,0.0,0.0,0.0,0.0,0.0,0.0,0.0,0.0,0.0,0.0,0.0,0.0,0.0,0.0,0.0,0.0,1.2857142857142858,0.0,0.0,0.0,0.0,1.4761904761904763,0.0,0.0,0.0,0.0,0.0,0.0,0.0,0.0,0.0,0.0,0,0.0,0.0,0.0,1.3571428571428572,0.0,0.0,1.4523809523809523,0.0,0.0,0,0.0,0.0,0.0,0.0,1.4047619047619047,0.0,0.0,1.3095238095238095,1.5,0.0,0.0,0.0,0.0,1.2619047619047619,0.0,0.0,0,0.0,0.0,0.0,0.0,0.0,0.0,0.0,0.0,0.0,0.0,0.0,0.0,0.0,0.0,0,0.0,0.0,0.0,0.0,0.0,0.0,0.0,0.0,0.0,0.0,0.0,0.0,0,0.0,0,0.0,0,0.0,0.0,0.0,0,0.0,0.0,0.0,0.0,0.0,0.0,0.0,0.0,0.0,1.3333333333333333,0.0,0.0,0.0,0.0,0.0,0,0.0,0.0,0,0.0,0.0,0.0,0.0,0.0,0.0,0.0,0.0,0,1.4285714285714286,0.0,0.0,0.0,0,0.0,0.0,0.0,0,0.0,0,0,0,0.0,0.0,0.0,0.0,0,0,0,0,0,0,0,0,0,0.0,0,0,0,12
9,9,0.0,0.0,0.0,0.0,0.0,0.0,0.0,0.0,0.0,0.0,0.0,0.0,0.0,0.0,0.0,0.0,0.0,0.0,1.3095238095238095,0.0,0.0,0.0,0.0,0.0,0.0,0.0,1.5,1.380952380952381,0.0,0.0,0.0,0.0,0.0,1.4285714285714286,0.0,0.0,0.0,0.0,0.0,0.0,0.0,0.0,0.0,0.0,0.0,0.0,0.0,0.0,1.4523809523809523,0.0,0.0,0.0,0.0,0.0,0,0.0,0.0,0.0,0.0,0.0,0.0,0.0,0.0,0.0,0,0.0,0.0,0.0,0.0,0.0,0.0,0.0,0.0,0.0,0.0,1.4761904761904763,0.0,0.0,0.0,0.0,0.0,0,0.0,0.0,0.0,1.4047619047619047,0.0,0.0,0.0,0.0,0.0,0.0,0.0,0.0,0.0,0.0,0,1.3571428571428572,0.0,0.0,0.0,0.0,0.0,0.0,0.0,0.0,0.0,0.0,0.0,0,0.0,0,0.0,0,0.0,0.0,0.0,0,0.0,0.0,0.0,0.0,0.0,0.0,0.0,0.0,0.0,0.0,1.3333333333333333,0.0,0.0,0.0,0.0,0,0.0,0.0,0,0.0,0.0,0.0,0.0,0.0,0.0,0.0,0.0,0,1.2857142857142858,0.0,0.0,0.0,0,0.0,0.0,0.0,0,0.0,0,0,0,0.0,0.0,0.0,0.0,0,0,0,0,0,0,0,0,0,0.0,0,0,0,10
10,10,0.0,0.0,0.0,1.380952380952381,0.0,0.0,0.0,0.0,0.0,0.0,0.0,0.0,0.0,0.0,0.0,0.0,0.0,0.0,1.3095238095238095,0.0,0.0,0.0,0.0,0.0,0.0,0.0,0.0,0.0,0.0,0.0,0.0,0.0,0.0,0.0,0.0,0.0,0.0,0.0,0.0,0.0,0.0,0.0,0.0,0.0,0.0,0.0,0.0,0.0,0.0,0.0,1.4285714285714286,0.0,0.0,0.0,0,0.0,0.0,0.0,0.0,0.0,0.0,0.0,0.0,0.0,0,0.0,0.0,0.0,0.0,0.0,0.0,0.0,0.0,0.0,0.0,1.4523809523809523,0.0,0.0,0.0,0.0,0.0,0,0.0,0.0,0.0,0.0,0.0,0.0,1.4761904761904763,0.0,0.0,0.0,0.0,0.0,1.3333333333333333,0.0,0,0.0,0.0,0.0,0.0,0.0,0.0,0.0,0.0,0.0,0.0,0.0,0.0,0,0.0,0,0.0,0,0.0,1.4047619047619047,0.0,0,0.0,0.0,0.0,0.0,0.0,0.0,0.0,0.0,0.0,0.0,0.0,0.0,0.0,0.0,0.0,0,0.0,0.0,0,1.3571428571428572,0.0,0.0,0.0,0.0,0.0,0.0,0.0,0,0.0,0.0,0.0,0.0,0,0.0,0.0,0.0,0,0.0,0,0,0,0.0,1.5,0.0,0.0,0,0,0,0,0,0,0,0,0,0.0,0,0,0,9
11,11,0.0,0.0,0.0,1.4761904761904763,0.0,0.0,0.0,0.0,0.0,0.0,0.0,0.0,0.0,0.0,0.0,0.0,0.0,0.0,0.0,0.0,0.0,0.0,0.0,0.0,0.0,0.0,0.0,0.0,0.0,1.2857142857142858,1.3095238095238095,0.0,1.380952380952381,0.0,0.0,0.0,0.0,0.0,0.0,0.0,0.0,0.0,0.0,1.4285714285714286,0.0,0.0,0.0,0.0,0.0,0.0,0.0,0.0,0.0,0.0,0,0.0,0.0,1.3571428571428572,1.2619047619047619,0.0,0.0,0.0,0.0,0.0,0,0.0,0.0,0.0,0.0,1.5,0.0,0.0,0.0,0.0,0.0,1.2380952380952381,0.0,0.0,0.0,0.0,1.3333333333333333,0,0.0,1.4523809523809523,0.0,0.0,0.0,0.0,0.0,0.0,0.0,0.0,0.0,0.0,0.0,0.0,0,0.0,0.0,0.0,0.0,0.0,0.0,0.0,0.0,0.0,0.0,0.0,0.0,0,0.0,0,0.0,0,0.0,0.0,0.0,0,0.0,0.0,1.4047619047619047,0.0,0.0,0.0,0.0,0.0,0.0,0.0,0.0,0.0,0.0,0.0,0.0,0,0.0,0.0,0,0.0,0.0,0.0,0.0,0.0,0.0,0.0,0.0,0,0.0,0.0,0.0,0.0,0,0.0,0.0,0.0,0,0.0,0,0,0,0.0,0.0,0.0,0.0,0,0,0,0,0,0,0,0,0,0.0,0,0,0,12
12,12,0.0,0.0,0.0,0.0,0.0,0.0,1.4285714285714286,0.0,0.0,0.0,0.0,0.0,0.0,0.0,0.0,0.0,0.0,0.0,0.0,0.0,0.0,0.0,0.0,0.0,0.0,0.0,0.0,0.0,0.0,0.0,0.0,0.0,0.0,0.0,0.0,0.0,0.0,0.0,0.0,0.0,0.0,0.0,0.0,0.0,0.0,1.4523809523809523,0.0,0.0,1.380952380952381,0.0,0.0,0.0,0.0,0.0,0,0.0,0.0,0.0,0.0,0.0,0.0,0.0,0.0,0.0,0,0.0,0.0,0.0,0.0,0.0,0.0,0.0,0.0,0.0,0.0,0.0,0.0,0.0,0.0,0.0,0.0,0,0.0,0.0,0.0,0.0,0.0,0.0,0.0,0.0,0.0,0.0,0.0,0.0,0.0,0.0,0,1.5,0.0,0.0,1.4047619047619047,0.0,0.0,0.0,0.0,0.0,0.0,0.0,0.0,0,0.0,0,0.0,0,0.0,0.0,0.0,0,0.0,0.0,0.0,1.4761904761904763,0.0,0.0,0.0,0.0,0.0,0.0,0.0,0.0,0.0,0.0,0.0,0,0.0,0.0,0,0.0,0.0,0.0,0.0,0.0,0.0,0.0,0.0,0,0.0,0.0,0.0,0.0,0,0.0,0.0,0.0,0,0.0,0,0,0,0.0,0.0,0.0,0.0,0,0,0,0,0,0,0,0,0,0.0,0,0,0,6
13,13,0.0,0.0,0.0,0.0,0.0,0.0,0.0,0.0,0.0,0.0,0.0,0.0,0.0,0.0,0.0,0.0,1.380952380952381,0.0,1.2857142857142858,0.0,0.0,0.0,0.0,0.0,0.0,1.3333333333333333,0.0,0.0,0.0,0.0,0.0,0.0,0.0,1.4761904761904763,0.0,0.0,0.0,0.0,0.0,0.0,1.3571428571428572,1.5,0.0,0.0,0.0,0.0,0.0,0.0,0.0,0.0,0.0,1.4523809523809523,0.0,0.0,0,0.0,0.0,0.0,0.0,0.0,0.0,1.4285714285714286,0.0,0.0,0,0.0,0.0,0.0,0.0,0.0,0.0,0.0,0.0,1.3095238095238095,1.2380952380952381,0.0,0.0,0.0,0.0,0.0,0.0,0,0.0,0.0,0.0,0.0,0.0,0.0,0.0,0.0,0.0,0.0,0.0,0.0,0.0,0.0,0,0.0,0.0,0.0,1.2619047619047619,0.0,1.4047619047619047,0.0,0.0,0.0,0.0,0.0,0.0,0,0.0,0,0.0,0,0.0,0.0,0.0,0,0.0,0.0,0.0,0.0,0.0,0.0,0.0,0.0,0.0,0.0,0.0,0.0,0.0,0.0,0.0,0,0.0,0.0,0,0.0,0.0,0.0,0.0,0.0,0.0,0.0,0.0,0,0.0,0.0,0.0,0.0,0,0.0,0.0,0.0,0,0.0,0,0,0,0.0,0.0,0.0,0.0,0,0,0,0,0,0,0,0,0,0.0,0,0,0,12
14,14,0.0,0.0,0.0,0.0,0.0,0.0,0.0,0.0,0.0,0.0,0.0,0.0,0.0,1.380952380952381,0.0,0.0,0.0,0.0,1.4047619047619047,0.0,0.0,0.0,0.0,1.3571428571428572,0.0,0.0,0.0,0.0,0.0,0.0,0.0,0.0,0.0,0.0,0.0,0.0,0.0,0.0,0.0,0.0,0.0,1.4761904761904763,1.3095238095238095,0.0,0.0,0.0,0.0,0.0,0.0,0.0,0.0,0.0,0.0,0.0,0,0.0,0.0,0.0,0.0,0.0,0.0,0.0,0.0,0.0,0,0.0,0.0,0.0,0.0,0.0,0.0,0.0,0.0,0.0,0.0,1.2857142857142858,0.0,0.0,0.0,0.0,0.0,0,0.0,0.0,0.0,0.0,0.0,1.3333333333333333,0.0,0.0,0.0,0.0,0.0,0.0,0.0,0.0,0,0.0,1.4523809523809523,0.0,1.5,0.0,0.0,0.0,0.0,0.0,0.0,0.0,0.0,0,0.0,0,0.0,0,0.0,0.0,0.0,0,0.0,0.0,0.0,0.0,0.0,0.0,0.0,0.0,0.0,0.0,0.0,0.0,1.4285714285714286,0.0,0.0,0,0.0,0.0,0,0.0,0.0,0.0,0.0,0.0,0.0,0.0,0.0,0,0.0,0.0,0.0,0.0,0,0.0,0.0,0.0,0,0.0,0,0,0,0.0,0.0,0.0,0.0,0,0,0,0,0,0,0,0,0,0.0,0,0,0,10
15,15,0.0,0.0,0.0,0.0,0.0,0.0,0.0,0.0,0.0,0.0,0.0,0.0,0.0,0.0,0.0,0.0,0.0,0.0,0.0,0.0,0.0,0.0,0.0,0.0,0.0,0.0,0.0,0.0,0.0,0.0,0.0,0.0,0.0,0.0,0.0,0.0,0.0,0.0,0.0,0.0,0.0,1.5,0.0,0.0,0.0,0.0,0.0,0.0,0.0,0.0,0.0,0.0,0.0,0.0,0,0.0,0.0,0.0,0.0,0.0,0.0,0.0,0.0,0.0,0,0.0,0.0,0.0,0.0,0.0,0.0,0.0,0.0,0.0,0.0,0.0,0.0,0.0,0.0,0.0,0.0,0,0.0,0.0,0.0,0.0,0.0,0.0,0.0,0.0,0.0,0.0,0.0,0.0,0.0,0.0,0,0.0,0.0,0.0,1.4761904761904763,0.0,0.0,0.0,0.0,0.0,0.0,0.0,0.0,0,0.0,0,0.0,0,0.0,0.0,0.0,0,0.0,0.0,0.0,0.0,0.0,0.0,0.0,0.0,0.0,0.0,0.0,0.0,0.0,0.0,0.0,0,0.0,0.0,0,0.0,0.0,0.0,0.0,0.0,0.0,0.0,0.0,0,0.0,0.0,0.0,0.0,0,0.0,0.0,0.0,0,0.0,0,0,0,0.0,0.0,0.0,0.0,0,0,0,0,0,0,0,0,0,0.0,0,0,0,2
16,16,0.0,0.0,0.0,0.0,0.0,0.0,0.0,0.0,0.0,0.0,0.0,0.0,0.0,0.0,0.0,0.0,0.0,0.0,0.0,0.0,0.0,0.0,0.0,0.0,0.0,0.0,0.0,0.0,0.0,0.0,0.0,0.0,0.0,0.0,0.0,0.0,0.0,0.0,0.0,0.0,0.0,0.0,0.0,0.0,0.0,0.0,0.0,0.0,0.0,0.0,0.0,0.0,0.0,0.0,0,0.0,0.0,0.0,0.0,0.0,0.0,0.0,0.0,0.0,0,0.0,0.0,0.0,0.0,0.0,0.0,0.0,0.0,0.0,0.0,0.0,0.0,0.0,0.0,0.0,0.0,0,0.0,0.0,0.0,0.0,0.0,0.0,0.0,0.0,0.0,0.0,0.0,0.0,0.0,0.0,0,0.0,0.0,0.0,0.0,0.0,0.0,0.0,0.0,0.0,0.0,0.0,0.0,0,0.0,0,0.0,0,0.0,0.0,0.0,0,0.0,0.0,0.0,0.0,0.0,0.0,0.0,0.0,0.0,0.0,0.0,0.0,0.0,0.0,0.0,0,0.0,0.0,0,0.0,0.0,0.0,0.0,0.0,0.0,0.0,0.0,0,0.0,0.0,0.0,0.0,0,0.0,0.0,0.0,0,0.0,0,0,0,0.0,0.0,0.0,0.0,0,0,0,0,0,0,0,0,0,0.0,0,0,0,0
17,17,1.2380952380952381,0.0,0.0,0.0,0.0,0.0,1.4523809523809523,0.0,0.0,0.0,0.0,0.0,0.0,1.2142857142857142,0.0,0.0,0.0,0.0,0.0,0.0,0.0,0.0,1.4285714285714286,0.0,0.0,0.0,1.3333333333333333,0.0,0.0,0.0,0.0,0.0,0.0,0.0,0.0,0.0,0.0,0.0,0.0,0.0,0.0,0.0,0.0,0.0,0.0,1.3095238095238095,0.0,0.0,0.0,0.0,0.0,0.0,1.4761904761904763,0.0,0,1.2857142857142858,0.0,0.0,0.0,0.0,0.0,0.0,0.0,0.0,0,0.0,0.0,0.0,0.0,0.0,0.0,0.0,0.0,0.0,0.0,0.0,1.4047619047619047,0.0,0.0,0.0,0.0,0,0.0,1.1904761904761905,0.0,0.0,0.0,0.0,0.0,0.0,0.0,0.0,0.0,0.0,0.0,0.0,0,0.0,0.0,0.0,1.5,1.3571428571428572,0.0,0.0,0.0,0.0,0.0,0.0,1.380952380952381,0,1.2619047619047619,0,0.0,0,0.0,0.0,0.0,0,0.0,0.0,0.0,0.0,0.0,0.0,0.0,0.0,0.0,0.0,0.0,0.0,0.0,0.0,0.0,0,0.0,0.0,0,0.0,0.0,0.0,0.0,0.0,0.0,0.0,0.0,0,0.0,0.0,0.0,0.0,0,0.0,0.0,0.0,0,0.0,0,0,0,0.0,0.0,0.0,0.0,0,0,0,0,0,0,0,0,0,0.0,0,0,0,14
18,18,1.0476190476190477,1.2619047619047619,0.0,1.4761904761904763,1.4047619047619047,1.3571428571428572,0.0,1.2142857142857142,0.0,0.0,1.4285714285714286,0.0,0.0,0.0,1.2380952380952381,0.0,0.0,1.4523809523809523,1.0238095238095237,0.0,1.380952380952381,0.0,1.1666666666666667,1.2857142857142858,0.0,1.5,0.0,0.0,0.0,0.0,1.119047619047619,0.0,0.0,0.0,0.0,0.0,0.0,1.1428571428571428,0.0,0.0,0.0,0.0,0.0,0.0,0.0,0.0,0.0,0.0,0.0,0.0,0.0,1.0952380952380953,0.0,0.0,0,0.0,0.0,0.0,0.0,1.3095238095238095,0.0,0.0,0.0,0.0,0,0.0,0.0,0.0,0.0,0.0,0.0,0.0,1.3333333333333333,1.1904761904761905,0.0,0.0,0.0,0.0,0.0,0.0,0.0,0,0.0,0.0,0.0,0.0,0.0,0.0,0.0,0.0,0.0,0.0,0.0,0.0,0.0,1.0714285714285714,0,0.0,0.0,0.0,0.0,0.0,0.0,0.0,0.0,0.0,0.0,0.0,0.0,0,0.0,0,0.0,0,0.0,0.0,0.0,0,0.0,0.0,0.0,0.0,0.0,0.0,0.0,0.0,0.0,0.0,0.0,0.0,0.0,0.0,0.0,0,0.0,0.0,0,0.0,0.0,0.0,0.0,0.0,0.0,0.0,0.0,0,0.0,0.0,0.0,0.0,0,0.0,0.0,0.0,0,0.0,0,0,0,0.0,0.0,0.0,0.0,0,0,0,0,0,0,0,0,0,0.0,0,0,0,21
19,19,0.0,1.1428571428571428,1.0,1.3095238095238095,0.0,0.8571428571428571,0.8809523809523809,0.0,0.0,1.2142857142857142,0.0,0.0,0.0,1.4047619047619047,0.0,0.0,1.0952380952380953,0.9285714285714286,1.1666666666666667,0.0,0.0,0.0,0.9047619047619048,1.4285714285714286,0.0,0.0,0.0,0.0,0.0,0.0,0.0,0.0,0.0,0.0,0.0,0.0,0.0,0.0,0.0,0.0,0.9523809523809523,0.0,0.0,0.0,0.0,0.0,0.0,0.0,0.0,0.0,0.0,0.0,1.119047619047619,0.0,0,1.0476190476190477,0.0,0.0,0.0,0.0,1.2380952380952381,0.0,0.0,0.0,0,0.0,0.0,0.0,0.0,0.0,0.0,0.0,0.0,0.0,0.0,1.1904761904761905,0.0,0.0,0.0,0.0,0.0,0,0.0,0.0,0.9761904761904762,1.0238095238095237,0.0,0.0,0.0,0.0,0.0,0.0,0.0,0.0,0.0,0.0,0,0.0,1.380952380952381,0.0,0.0,0.0,0.0,0.0,0.0,0.0,1.4761904761904763,0.0,0.0,0,0.0,0,0.0,0,1.2619047619047619,1.5,0.0,0,0.0,0.0,0.0,0.0,0.0,0.0,0.0,0.0,1.3571428571428572,0.0,1.2857142857142858,0.0,1.4523809523809523,0.0,0.0,0,0.0,0.0,0,0.0,0.0,0.0,0.0,1.3333333333333333,0.0,0.0,0.0,0,0.0,0.0,0.0,1.0714285714285714,0,0.0,0.0,0.0,0,0.0,0,0,0,0.0,0.0,0.0,0.0,0,0,0,0,0,0,0,0,0,0.0,0,0,0,28
20,20,0.0,0.0,0.0,0.0,0.0,0.0,0.0,0.0,0.0,0.0,0.0,0.0,0.0,1.3333333333333333,0.0,0.0,0.0,0.0,1.380952380952381,0.0,0.0,0.0,0.0,1.2380952380952381,0.0,0.0,0.0,0.0,0.0,0.0,1.3095238095238095,0.0,1.4047619047619047,1.2142857142857142,0.0,0.0,0.0,0.0,0.0,0.0,1.4285714285714286,1.5,1.4523809523809523,0.0,0.0,0.0,0.0,0.0,0.0,0.0,0.0,0.0,1.2857142857142858,0.0,0,0.0,0.0,0.0,1.2619047619047619,0.0,0.0,0.0,0.0,0.0,0,0.0,0.0,0.0,0.0,0.0,0.0,0.0,0.0,0.0,0.0,1.3571428571428572,0.0,0.0,0.0,0.0,0.0,0,0.0,0.0,0.0,0.0,0.0,0.0,0.0,1.1666666666666667,0.0,0.0,0.0,0.0,0.0,0.0,0,0.0,1.1904761904761905,0.0,0.0,0.0,1.1428571428571428,0.0,0.0,0.0,0.0,0.0,0.0,0,0.0,0,0.0,0,0.0,0.0,0.0,0,0.0,0.0,0.0,0.0,0.0,0.0,0.0,0.0,0.0,0.0,0.0,0.0,1.4761904761904763,0.0,0.0,0,0.0,0.0,0,0.0,0.0,0.0,0.0,0.0,0.0,0.0,0.0,0,0.0,0.0,0.0,0.0,0,0.0,0.0,0.0,0,0.0,0,0,0,0.0,0.0,0.0,0.0,0,0,0,0,0,0,0,0,0,0.0,0,0,0,16
21,21,0.0,0.0,0.0,0.0,0.0,0.0,0.0,0.0,0.0,0.0,0.0,0.0,0.0,0.0,0.0,0.0,0.0,0.0,0.0,0.0,0.0,0.0,1.4285714285714286,0.0,0.0,1.4523809523809523,0.0,0.0,0.0,0.0,0.0,0.0,0.0,0.0,0.0,0.0,0.0,0.0,0.0,0.0,0.0,0.0,0.0,0.0,0.0,0.0,0.0,0.0,0.0,0.0,0.0,0.0,0.0,0.0,0,0.0,0.0,0.0,0.0,0.0,0.0,0.0,0.0,0.0,0,0.0,0.0,0.0,0.0,0.0,0.0,0.0,0.0,0.0,0.0,0.0,0.0,0.0,0.0,0.0,0.0,0,0.0,0.0,0.0,0.0,0.0,0.0,0.0,0.0,0.0,0.0,0.0,0.0,0.0,0.0,0,0.0,0.0,0.0,1.5,0.0,1.4761904761904763,0.0,0.0,0.0,0.0,0.0,0.0,0,0.0,0,0.0,0,0.0,0.0,0.0,0,0.0,0.0,0.0,0.0,0.0,0.0,0.0,0.0,0.0,0.0,0.0,0.0,0.0,0.0,0.0,0,0.0,0.0,0,0.0,0.0,0.0,0.0,0.0,0.0,0.0,0.0,0,0.0,0.0,0.0,0.0,0,0.0,0.0,0.0,0,0.0,0,0,0,0.0,0.0,0.0,0.0,0,0,0,0,0,0,0,0,0,0.0,0,0,0,4
22,22,0.0,1.2380952380952381,0.0,1.4761904761904763,0.0,0.0,0.0,0.0,0.0,0.0,0.0,0.0,0.0,0.0,0.0,0.0,0.0,0.0,0.0,0.0,0.0,0.0,0.0,0.0,0.0,1.2857142857142858,0.0,0.0,0.0,0.0,1.1666666666666667,0.0,0.0,0.0,0.0,0.0,0.0,0.0,1.119047619047619,0.0,0.0,0.0,0.0,1.4523809523809523,0.0,0.0,0.0,0.0,1.1428571428571428,0.0,0.0,0.0,0.0,0.0,0,0.0,0.0,0.0,0.0,0.0,0.0,1.1904761904761905,0.0,1.380952380952381,0,0.0,0.0,0.0,0.0,1.2142857142857142,0.0,0.0,0.0,0.0,0.0,1.5,0.0,0.0,0.0,0.0,1.4047619047619047,0,0.0,0.0,0.0,0.0,1.3333333333333333,0.0,0.0,0.0,0.0,0.0,0.0,0.0,0.0,0.0,0,0.0,0.0,0.0,0.0,0.0,0.0,0.0,1.3095238095238095,0.0,1.3571428571428572,0.0,0.0,0,0.0,0,0.0,0,0.0,1.2619047619047619,0.0,0,0.0,0.0,0.0,0.0,0.0,0.0,0.0,0.0,0.0,0.0,0.0,0.0,0.0,0.0,0.0,0,0.0,0.0,0,0.0,0.0,0.0,0.0,0.0,0.0,0.0,0.0,0,0.0,0.0,0.0,0.0,0,0.0,1.4285714285714286,0.0,0,0.0,0,0,0,0.0,0.0,0.0,0.0,0,0,0,0,0,0,0,0,0,0.0,0,0,0,17
23,23,0.0,0.0,0.0,1.4761904761904763,0.0,0.0,0.0,0.0,0.0,0.0,0.0,0.0,0.0,0.0,1.380952380952381,0.0,0.0,0.0,0.0,0.0,1.2857142857142858,0.0,0.0,0.0,0.0,1.3571428571428572,0.0,0.0,0.0,0.0,1.4523809523809523,0.0,0.0,0.0,0.0,0.0,0.0,0.0,1.3333333333333333,0.0,0.0,0.0,0.0,0.0,0.0,0.0,1.2380952380952381,0.0,0.0,0.0,0.0,0.0,0.0,0.0,0,1.3095238095238095,0.0,0.0,0.0,0.0,0.0,1.2619047619047619,0.0,0.0,0,0.0,0.0,0.0,0.0,0.0,0.0,0.0,1.1666666666666667,1.5,0.0,1.4047619047619047,0.0,0.0,1.4285714285714286,0.0,0.0,0,0.0,1.1904761904761905,0.0,0.0,0.0,0.0,0.0,0.0,0.0,0.0,0.0,0.0,0.0,0.0,0,0.0,1.1428571428571428,0.0,0.0,0.0,0.0,0.0,0.0,0.0,0.0,0.0,0.0,0,0.0,0,0.0,0,0.0,0.0,0.0,0,0.0,0.0,0.0,0.0,0.0,0.0,0.0,0.0,0.0,0.0,0.0,0.0,0.0,0.0,0.0,0,0.0,0.0,0,0.0,1.2142857142857142,0.0,0.0,0.0,0.0,0.0,0.0,0,0.0,0.0,0.0,0.0,0,0.0,0.0,0.0,0,0.0,0,0,0,0.0,0.0,0.0,0.0,0,0,0,0,0,0,0,0,0,0.0,0,0,0,16
24,24,0.0,0.0,0.0,0.0,0.0,0.0,0.0,0.0,0.0,0.0,0.0,0.0,0.0,0.0,0.0,0.0,0.0,0.0,1.3095238095238095,0.0,0.0,0.0,0.0,1.3571428571428572,0.0,0.0,0.0,0.0,0.0,0.0,0.0,0.0,0.0,1.2857142857142858,0.0,1.2619047619047619,0.0,0.0,0.0,0.0,1.3333333333333333,1.4761904761904763,0.0,0.0,0.0,0.0,0.0,0.0,0.0,0.0,0.0,0.0,0.0,0.0,0,0.0,0.0,0.0,0.0,0.0,0.0,1.380952380952381,0.0,0.0,0,0.0,0.0,0.0,0.0,0.0,0.0,0.0,0.0,1.4047619047619047,0.0,1.4523809523809523,0.0,0.0,0.0,0.0,0.0,0,0.0,0.0,0.0,0.0,0.0,0.0,0.0,0.0,0.0,0.0,0.0,0.0,0.0,0.0,0,0.0,0.0,0.0,1.5,0.0,1.4285714285714286,0.0,0.0,0.0,0.0,0.0,0.0,0,0.0,0,0.0,0,0.0,0.0,0.0,0,0.0,0.0,0.0,0.0,0.0,0.0,0.0,0.0,0.0,0.0,0.0,0.0,0.0,0.0,0.0,0,0.0,0.0,0,0.0,0.0,0.0,0.0,0.0,0.0,0.0,0.0,0,0.0,0.0,0.0,0.0,0,0.0,0.0,0.0,0,0.0,0,0,0,0.0,0.0,0.0,0.0,0,0,0,0,0,0,0,0,0,0.0,0,0,0,11
25,25,0.0,0.0,0.0,0.0,0.0,0.0,0.0,0.0,0.0,0.0,0.0,0.0,0.0,0.0,0.0,0.0,0.0,1.3095238095238095,1.380952380952381,0.0,1.3571428571428572,0.0,0.0,0.0,0.0,1.4523809523809523,0.0,0.0,1.4047619047619047,0.0,0.0,0.0,0.0,0.0,0.0,0.0,0.0,0.0,0.0,0.0,0.0,0.0,0.0,0.0,0.0,0.0,0.0,0.0,0.0,0.0,0.0,0.0,0.0,0.0,0,0.0,0.0,0.0,1.4285714285714286,0.0,0.0,1.2857142857142858,0.0,0.0,0,0.0,0.0,0.0,0.0,0.0,0.0,0.0,0.0,0.0,0.0,1.3333333333333333,0.0,0.0,0.0,0.0,0.0,0,0.0,0.0,0.0,0.0,0.0,0.0,0.0,0.0,0.0,0.0,0.0,0.0,0.0,0.0,0,0.0,0.0,0.0,0.0,0.0,0.0,0.0,0.0,0.0,0.0,0.0,0.0,0,0.0,0,0.0,0,0.0,0.0,0.0,0,1.5,0.0,0.0,0.0,0.0,0.0,0.0,0.0,0.0,0.0,0.0,0.0,0.0,1.4761904761904763,0.0,0,0.0,0.0,0,0.0,0.0,0.0,0.0,0.0,0.0,0.0,0.0,0,0.0,0.0,0.0,0.0,0,0.0,0.0,0.0,0,0.0,0,0,0,0.0,0.0,0.0,0.0,0,0,0,0,0,0,0,0,0,0.0,0,0,0,10
26,26,0.0,0.0,0.0,0.0,0.0,0.0,0.0,0.0,0.0,0.0,0.0,0.0,0.0,0.0,0.0,0.0,1.380952380952381,0.0,1.2142857142857142,0.0,0.0,0.0,0.0,0.0,0.0,1.4285714285714286,0.0,0.0,0.0,0.0,0.0,0.0,0.0,1.3333333333333333,0.0,1.3095238095238095,0.0,0.0,0.0,0.0,1.3571428571428572,1.2619047619047619,0.0,0.0,0.0,0.0,0.0,0.0,0.0,0.0,0.0,0.0,0.0,0.0,0,0.0,0.0,0.0,0.0,0.0,0.0,1.4523809523809523,0.0,0.0,0,0.0,0.0,0.0,0.0,0.0,1.2857142857142858,0.0,0.0,1.2380952380952381,0.0,1.5,0.0,0.0,0.0,0.0,0.0,0,0.0,0.0,0.0,0.0,0.0,0.0,0.0,0.0,0.0,0.0,0.0,0.0,0.0,0.0,0,0.0,0.0,0.0,1.4761904761904763,0.0,1.4047619047619047,0.0,0.0,0.0,0.0,0.0,0.0,0,0.0,0,0.0,0,0.0,0.0,0.0,0,0.0,0.0,0.0,0.0,0.0,0.0,0.0,0.0,0.0,0.0,0.0,0.0,0.0,0.0,0.0,0,0.0,0.0,0,0.0,0.0,0.0,0.0,0.0,0.0,0.0,0.0,0,0.0,0.0,0.0,0.0,0,0.0,0.0,0.0,0,0.0,0,0,0,0.0,0.0,0.0,0.0,0,0,0,0,0,0,0,0,0,0.0,0,0,0,13
27,27,0.0,0.0,0.0,0.0,0.0,0.0,0.0,0.0,0.0,0.0,0.0,0.0,1.4047619047619047,0.0,0.0,0.0,0.0,0.0,1.3333333333333333,0.0,0.0,1.4285714285714286,0.0,0.0,0.0,0.0,0.0,0.0,0.0,0.0,0.0,0.0,1.5,1.1666666666666667,0.0,1.4523809523809523,0.0,0.0,0.0,0.0,0.0,0.0,1.2380952380952381,1.2857142857142858,0.0,0.0,0.0,0.0,1.2619047619047619,0.0,0.0,0.0,0.0,0.0,0,0.0,0.0,0.0,0.0,1.1904761904761905,0.0,0.0,0.0,0.0,0,0.0,0.0,0.0,0.0,0.0,1.2142857142857142,0.0,0.0,0.0,1.3571428571428572,0.0,0.0,0.0,0.0,0.0,0.0,0,0.0,0.0,0.0,0.0,0.0,0.0,0.0,0.0,0.0,0.0,1.380952380952381,0.0,0.0,0.0,0,0.0,0.0,0.0,0.0,0.0,0.0,0.0,0.0,0.0,0.0,0.0,0.0,0,0.0,0,0.0,0,0.0,0.0,0.0,0,0.0,0.0,1.3095238095238095,0.0,0.0,0.0,0.0,0.0,0.0,0.0,0.0,0.0,0.0,0.0,0.0,0,0.0,0.0,0,0.0,0.0,0.0,0.0,0.0,0.0,0.0,0.0,0,0.0,0.0,0.0,0.0,0,1.4761904761904763,0.0,0.0,0,0.0,0,0,0,0.0,0.0,0.0,0.0,0,0,0,0,0,0,0,0,0,0.0,0,0,0,15
28,28,0.0,0.0,0.0,0.0,0.0,0.0,0.0,0.0,0.0,0.0,0.0,0.0,0.0,0.0,0.0,0.0,0.0,0.0,1.3095238095238095,0.0,0.0,0.0,0.0,1.4285714285714286,0.0,1.1428571428571428,0.0,0.0,0.0,0.0,0.0,0.0,1.5,1.4523809523809523,0.0,0.0,0.0,0.0,0.0,0.0,1.3333333333333333,1.4761904761904763,0.0,1.2380952380952381,0.0,0.0,0.0,0.0,1.4047619047619047,0.0,0.0,0.0,0.0,0.0,0,0.0,0.0,0.0,0.0,0.0,0.0,1.1666666666666667,0.0,0.0,0,0.0,0.0,0.0,0.0,0.0,0.0,0.0,0.0,1.2142857142857142,0.0,1.2619047619047619,0.0,0.0,0.0,0.0,0.0,0,0.0,0.0,0.0,0.0,0.0,0.0,0.0,0.0,0.0,0.0,0.0,0.0,0.0,0.0,0,0.0,0.0,0.0,0.0,0.0,1.380952380952381,0.0,0.0,0.0,0.0,0.0,0.0,0,0.0,0,0.0,0,0.0,0.0,0.0,0,0.0,0.0,1.3571428571428572,0.0,0.0,0.0,0.0,0.0,0.0,0.0,0.0,0.0,0.0,0.0,0.0,0,0.0,0.0,0,0.0,0.0,0.0,0.0,0.0,0.0,0.0,0.0,0,0.0,0.0,0.0,0.0,0,0.0,0.0,0.0,0,0.0,0,0,0,0.0,0.0,0.0,0.0,0,0,0,0,0,0,0,0,0,0.0,0,0,0,16
29,29,0.9047619047619048,0.0,1.2142857142857142,1.4761904761904763,0.0,0.0,1.0,0.0,0.0,0.0,0.0,0.0,0.0,1.3571428571428572,1.2380952380952381,0.0,0.0,0.8571428571428571,0.0,0.0,0.0,0.0,0.0,0.0,0.0,1.0476190476190477,0.0,0.0,0.0,0.0,1.4047619047619047,0.0,0.0,1.1904761904761905,0.0,0.0,0.0,0.0,1.5,0.8095238095238095,0.0,0.0,0.9285714285714286,1.3333333333333333,0.0,0.0,0.0,0.0,0.0,0.0,0.0,0.0,0.0,0.9523809523809523,0,1.0238095238095237,0.0,0.0,0.0,1.2619047619047619,0.0,0.9761904761904762,0.0,0.0,0,0.0,0.0,0.0,0.0,0.0,0.0,0.0,0.8809523809523809,1.3095238095238095,0.0,1.119047619047619,0.0,1.4285714285714286,1.4523809523809523,1.1666666666666667,0.0,0,0.0,0.0,0.0,1.2857142857142858,0.0,0.0,0.0,0.0,0.0,0.0,0.0,0.0,0.0,0.0,0,0.0,1.0952380952380953,0.0,0.0,0.0,0.0,0.8333333333333334,0.0,0.0,0.0,0.0,0.0,0,0.0,0,0.0,0,1.1428571428571428,0.0,0.0,0,0.0,0.0,0.0,0.0,0.0,0.0,0.0,0.0,0.0,0.0,1.0714285714285714,0.0,1.380952380952381,0.0,0.0,0,0.0,0.0,0,0.0,0.0,0.0,0.0,0.0,0.0,0.0,0.0,0,0.0,0.0,0.0,0.0,0,0.0,0.0,0.0,0,0.0,0,0,0,0.0,0.0,0.0,0.0,0,0,0,0,0,0,0,0,0,0.0,0,0,0,30
30,30,0.0,0.0,0.0,1.4047619047619047,0.0,0.0,0.0,0.0,0.0,0.0,1.3333333333333333,0.0,0.0,0.0,0.0,0.0,0.0,0.0,0.0,0.0,0.0,0.0,0.0,0.0,0.0,1.3571428571428572,0.0,0.0,0.0,0.0,0.0,0.0,0.0,0.0,0.0,1.2857142857142858,0.0,0.0,0.0,0.0,0.0,1.4523809523809523,0.0,0.0,0.0,0.0,0.0,0.0,0.0,0.0,0.0,0.0,0.0,0.0,0,0.0,0.0,1.3095238095238095,0.0,0.0,0.0,1.5,0.0,0.0,0,0.0,1.4285714285714286,0.0,0.0,1.380952380952381,0.0,0.0,0.0,0.0,0.0,0.0,0.0,0.0,0.0,0.0,0.0,0,0.0,0.0,0.0,0.0,0.0,0.0,0.0,0.0,0.0,0.0,0.0,0.0,0.0,0.0,0,0.0,0.0,0.0,0.0,0.0,0.0,0.0,0.0,0.0,0.0,0.0,0.0,0,0.0,0,0.0,0,0.0,0.0,0.0,0,1.4761904761904763,0.0,0.0,0.0,0.0,0.0,0.0,0.0,0.0,0.0,0.0,0.0,0.0,0.0,0.0,0,0.0,0.0,0,0.0,0.0,0.0,0.0,0.0,0.0,0.0,0.0,0,0.0,0.0,0.0,0.0,0,0.0,0.0,0.0,0,0.0,0,0,0,0.0,0.0,0.0,0.0,0,0,0,0,0,0,0,0,0,0.0,0,0,0,10
31,31,0.0,0.0,0.0,1.4761904761904763,0.0,0.0,0.0,0.0,0.0,0.0,0.0,0.0,0.0,0.0,0.0,0.0,0.0,0.0,1.3571428571428572,0.0,0.0,0.0,0.0,0.0,1.4285714285714286,0.0,0.0,0.0,1.4523809523809523,0.0,0.0,0.0,0.0,0.0,0.0,1.380952380952381,0.0,0.0,0.0,0.0,0.0,0.0,0.0,0.0,0.0,0.0,0.0,0.0,0.0,0.0,0.0,0.0,0.0,0.0,0,0.0,0.0,0.0,0.0,0.0,0.0,1.4047619047619047,0.0,0.0,0,0.0,0.0,0.0,0.0,1.3333333333333333,0.0,0.0,0.0,0.0,0.0,0.0,0.0,0.0,0.0,0.0,0.0,0,0.0,0.0,0.0,0.0,0.0,0.0,0.0,0.0,0.0,0.0,0.0,0.0,0.0,0.0,0,0.0,0.0,0.0,0.0,0.0,0.0,0.0,0.0,0.0,0.0,0.0,0.0,0,0.0,0,0.0,0,0.0,0.0,0.0,0,1.5,0.0,0.0,0.0,0.0,0.0,0.0,0.0,0.0,0.0,0.0,0.0,0.0,0.0,0.0,0,0.0,0.0,0,0.0,0.0,0.0,0.0,0.0,0.0,0.0,0.0,0,0.0,0.0,0.0,0.0,0,0.0,0.0,0.0,0,0.0,0,0,0,0.0,0.0,0.0,0.0,0,0,0,0,0,0,0,0,0,0.0,0,0,0,8
32,32,0.0,0.0,0.0,0.0,0.0,0.0,0.0,0.0,0.0,0.0,0.0,0.0,0.0,0.0,0.0,0.0,0.0,0.0,0.0,0.0,0.0,0.0,0.0,0.0,0.0,0.0,0.0,0.0,0.0,0.0,0.0,0.0,0.0,0.0,0.0,0.0,0.0,0.0,0.0,0.0,0.0,0.0,0.0,0.0,0.0,0.0,0.0,0.0,0.0,1.4761904761904763,0.0,1.4285714285714286,0.0,0.0,0,0.0,0.0,0.0,0.0,1.4047619047619047,0.0,0.0,0.0,0.0,0,0.0,0.0,0.0,0.0,0.0,0.0,0.0,0.0,0.0,0.0,0.0,0.0,0.0,0.0,0.0,0.0,0,0.0,0.0,0.0,0.0,0.0,0.0,0.0,0.0,0.0,0.0,0.0,0.0,0.0,0.0,0,0.0,0.0,0.0,0.0,0.0,1.4523809523809523,0.0,0.0,0.0,0.0,0.0,0.0,0,0.0,0,1.5,0,0.0,0.0,0.0,0,0.0,0.0,0.0,0.0,0.0,0.0,0.0,0.0,0.0,0.0,0.0,0.0,0.0,0.0,0.0,0,0.0,0.0,0,0.0,0.0,0.0,0.0,0.0,0.0,0.0,0.0,0,0.0,0.0,0.0,0.0,0,0.0,0.0,0.0,0,0.0,0,0,0,0.0,0.0,0.0,0.0,0,0,0,0,0,0,0,0,0,0.0,0,0,0,5
33,33,1.2380952380952381,0.0,0.0,1.4047619047619047,0.0,0.0,0.0,0.0,0.0,0.0,0.0,0.0,0.0,0.0,0.0,0.0,0.0,0.0,0.0,1.3571428571428572,1.2857142857142858,0.0,0.0,0.0,0.0,1.3095238095238095,0.0,1.3333333333333333,0.0,0.0,1.5,0.0,0.0,1.0714285714285714,0.0,0.0,0.0,0.0,0.0,0.0,0.0,0.0,0.0,1.1666666666666667,0.0,0.0,0.0,0.0,0.0,0.0,0.0,0.0,0.0,0.0,0,0.0,0.0,1.0476190476190477,0.0,1.2142857142857142,0.0,1.4285714285714286,0.0,0.0,0,1.119047619047619,1.2619047619047619,0.0,0.0,1.4761904761904763,0.0,0.0,1.0952380952380953,1.4523809523809523,0.0,0.0,0.0,0.0,0.0,0.0,0.0,0,0.0,0.0,0.0,0.0,0.0,0.0,0.0,0.0,0.0,0.0,0.0,0.0,0.0,0.0,0,0.0,0.0,0.0,0.0,0.0,0.0,0.0,0.0,1.380952380952381,0.0,0.0,0.0,0,0.0,0,0.0,0,0.0,0.0,0.0,0,0.0,0.0,0.0,0.0,0.0,0.0,0.0,0.0,0.0,0.0,0.0,0.0,0.0,0.0,1.1904761904761905,0,0.0,0.0,0,0.0,0.0,0.0,0.0,0.0,0.0,0.0,0.0,0,1.1428571428571428,0.0,0.0,0.0,0,0.0,0.0,0.0,0,0.0,0,0,0,0.0,0.0,0.0,0.0,0,0,0,0,0,0,0,0,0,0.0,0,0,0,20
34,34,0.0,0.0,0.0,1.4761904761904763,0.0,0.0,0.0,0.0,0.0,0.0,1.3333333333333333,0.0,0.0,0.0,0.0,0.0,1.380952380952381,0.0,0.0,0.0,0.0,0.0,0.0,0.0,0.0,0.0,0.0,0.0,0.0,0.0,0.0,0.0,0.0,1.2619047619047619,0.0,0.0,0.0,0.0,0.0,0.0,0.0,0.0,0.0,1.1666666666666667,0.0,0.0,0.0,0.0,1.3095238095238095,0.0,0.0,1.2380952380952381,0.0,0.0,0,0.0,0.0,0.0,0.0,1.4047619047619047,0.0,1.3571428571428572,0.0,0.0,0,0.0,1.119047619047619,0.0,0.0,0.0,0.0,0.0,0.0,0.0,0.0,0.0,0.0,1.5,0.0,1.2857142857142858,1.4523809523809523,0,1.4285714285714286,0.0,0.0,0.0,1.1904761904761905,0.0,0.0,0.0,0.0,0.0,0.0,0.0,0.0,0.0,0,0.0,0.0,0.0,0.0,0.0,0.0,1.2142857142857142,0.0,0.0,0.0,0.0,0.0,0,0.0,0,0.0,0,0.0,1.1428571428571428,0.0,0,0.0,0.0,0.0,0.0,0.0,0.0,0.0,0.0,0.0,0.0,0.0,0.0,0.0,0.0,0.0,0,0.0,0.0,0,0.0,0.0,0.0,0.0,0.0,0.0,0.0,0.0,0,0.0,0.0,0.0,0.0,0,0.0,0.0,0.0,0,0.0,0,0,0,0.0,0.0,0.0,0.0,0,0,0,0,0,0,0,0,0,0.0,0,0,0,17
35,35,0.7619047619047619,1.380952380952381,0.0,1.1428571428571428,0.8333333333333334,0.0,1.0,0.0,0.0,0.0,0.7380952380952381,0.0,0.0,1.2619047619047619,0.0,0.0,0.0,1.2142857142857142,1.5,1.2857142857142858,0.0,0.0,1.2380952380952381,1.4761904761904763,0.0,0.0,0.0,0.0,0.0,0.0,1.0714285714285714,0.0,0.0,0.0,0.0,0.0,0.0,0.0,1.4047619047619047,1.0952380952380953,1.1904761904761905,0.9047619047619048,1.1666666666666667,1.3095238095238095,0.0,0.0,1.4523809523809523,0.0,0.0,0.7857142857142857,0.0,0.0,0.0,0.0,0,0.7142857142857143,0.0,0.0,0.0,0.0,0.0,0.0,0.0,0.0,0,0.0,0.0,0.0,0.0,0.0,0.0,0.0,0.0,0.0,0.0,1.4285714285714286,0.9523809523809523,0.0,0.0,0.0,0.9285714285714286,0,0.8809523809523809,0.0,0.0,0.0,0.0,0.0,0.0,0.0,0.0,0.0,0.0,0.0,0.9761904761904762,0.0,0,0.0,1.3333333333333333,0.0,0.0,1.0476190476190477,0.0,1.0238095238095237,0.0,0.0,0.0,0.0,0.0,0,0.0,0,0.0,0,0.0,0.0,1.3571428571428572,0,0.0,0.0,0.0,0.0,0.0,0.0,0.0,0.0,0.0,0.0,0.0,0.0,1.119047619047619,0.0,0.0,0,0.0,0.0,0,0.0,0.0,0.0,0.0,0.0,0.8095238095238095,0.0,0.0,0,0.0,0.0,0.8571428571428571,0.0,0,0.0,0.0,0.0,0,0.0,0,0,0,0.0,0.0,0.0,0.0,0,0,0,0,0,0,0,0,0,0.0,0,0,0,34
36,36,0.0,1.2380952380952381,0.0,1.4761904761904763,1.3333333333333333,0.0,1.1428571428571428,0.0,0.0,0.0,1.380952380952381,0.0,0.0,0.0,0.0,0.0,0.0,0.0,1.3571428571428572,0.0,1.2619047619047619,0.0,1.3095238095238095,0.0,0.0,1.4047619047619047,0.0,0.0,1.2142857142857142,0.0,0.0,1.5,0.0,0.0,0.0,1.1904761904761905,0.0,0.0,0.0,0.0,0.0,0.0,0.0,0.0,0.0,0.0,0.0,0.0,0.0,0.0,1.4285714285714286,0.0,1.2857142857142858,0.0,0,0.0,0.0,1.4523809523809523,0.0,1.119047619047619,0.0,0.0,0.0,0.0,0,0.0,0.0,0.0,0.0,0.0,0.0,0.0,0.0,0.0,1.0952380952380953,0.0,0.0,0.0,0.0,0.0,0.0,0,0.0,0.0,0.0,0.0,0.0,0.0,0.0,0.0,0.0,0.0,0.0,0.0,0.0,0.0,0,0.0,0.0,0.0,0.0,0.0,0.0,0.0,0.0,0.0,0.0,0.0,1.1666666666666667,0,0.0,0,0.0,0,0.0,0.0,0.0,0,0.0,0.0,0.0,0.0,0.0,0.0,0.0,0.0,0.0,0.0,0.0,0.0,0.0,0.0,0.0,0,0.0,0.0,0,0.0,0.0,0.0,0.0,0.0,0.0,0.0,0.0,0,0.0,0.0,0.0,0.0,0,0.0,0.0,0.0,0,0.0,0,0,0,0.0,0.0,0.0,0.0,0,0,0,0,0,0,0,0,0,0.0,0,0,0,18
37,37,0.0,0.0,0.0,0.0,0.0,0.0,0.0,0.0,0.0,0.0,0.0,0.0,0.0,0.0,0.0,0.0,0.0,0.0,0.0,0.0,0.0,0.0,0.0,0.0,0.0,1.4285714285714286,0.0,0.0,0.0,0.0,0.0,0.0,1.3571428571428572,0.0,0.0,0.0,0.0,0.0,0.0,0.0,0.0,1.4761904761904763,1.4047619047619047,0.0,0.0,0.0,0.0,0.0,0.0,0.0,0.0,0.0,0.0,0.0,0,0.0,0.0,0.0,0.0,0.0,0.0,0.0,0.0,0.0,0,0.0,0.0,0.0,0.0,0.0,0.0,0.0,0.0,0.0,0.0,1.380952380952381,0.0,0.0,0.0,0.0,0.0,0,0.0,0.0,0.0,0.0,0.0,0.0,0.0,0.0,0.0,0.0,0.0,0.0,0.0,0.0,0,0.0,0.0,0.0,1.5,0.0,1.4523809523809523,0.0,0.0,0.0,0.0,0.0,0.0,0,0.0,0,0.0,0,0.0,0.0,0.0,0,0.0,0.0,0.0,0.0,0.0,0.0,0.0,0.0,0.0,0.0,0.0,0.0,0.0,0.0,0.0,0,0.0,0.0,0,0.0,0.0,0.0,0.0,0.0,0.0,0.0,0.0,0,0.0,0.0,0.0,0.0,0,0.0,0.0,0.0,0,0.0,0,0,0,0.0,0.0,0.0,0.0,0,0,0,0,0,0,0,0,0,0.0,0,0,0,7
38,38,1.5,0.0,0.0,0.0,0.0,0.0,0.0,0.0,0.0,0.0,0.0,0.0,0.0,0.0,0.0,0.0,0.0,0.0,1.4047619047619047,0.0,1.3095238095238095,0.0,0.0,0.0,1.4285714285714286,1.380952380952381,0.0,0.0,0.0,0.0,0.0,0.0,0.0,0.0,0.0,0.0,0.0,0.0,0.0,0.0,0.0,0.0,0.0,0.0,0.0,0.0,0.0,0.0,0.0,0.0,0.0,0.0,0.0,0.0,0,0.0,1.4523809523809523,1.2857142857142858,1.4761904761904763,0.0,0.0,0.0,0.0,0.0,0,0.0,1.2619047619047619,0.0,0.0,0.0,0.0,0.0,0.0,0.0,0.0,0.0,0.0,0.0,0.0,0.0,0.0,0,0.0,0.0,0.0,0.0,0.0,0.0,0.0,0.0,0.0,0.0,0.0,0.0,0.0,0.0,0,0.0,0.0,0.0,0.0,0.0,1.3571428571428572,0.0,0.0,0.0,0.0,0.0,0.0,0,0.0,0,0.0,0,0.0,0.0,0.0,0,0.0,1.3333333333333333,0.0,0.0,0.0,0.0,0.0,0.0,0.0,0.0,0.0,0.0,0.0,0.0,0.0,0,0.0,0.0,0,0.0,0.0,0.0,0.0,0.0,0.0,0.0,0.0,0,0.0,0.0,0.0,0.0,0,0.0,0.0,0.0,0,0.0,0,0,0,0.0,0.0,0.0,0.0,0,0,0,0,0,0,0,0,0,0.0,0,0,0,11
39,39,0.0,0.0,0.0,0.0,0.0,0.0,0.0,0.0,0.0,0.0,0.0,0.0,0.0,0.0,0.0,0.0,0.0,0.0,1.2619047619047619,0.0,0.0,0.0,0.0,1.4285714285714286,0.0,1.380952380952381,0.0,0.0,1.3095238095238095,0.0,0.0,0.0,0.0,0.0,0.0,1.3571428571428572,0.0,0.0,0.0,0.0,1.4523809523809523,0.0,0.0,0.0,0.0,0.0,0.0,0.0,0.0,0.0,0.0,0.0,0.0,0.0,0,0.0,1.4047619047619047,0.0,0.0,0.0,0.0,0.0,0.0,0.0,0,1.2857142857142858,0.0,0.0,0.0,0.0,0.0,0.0,0.0,0.0,0.0,0.0,0.0,0.0,0.0,0.0,0.0,0,0.0,0.0,0.0,0.0,0.0,0.0,0.0,0.0,0.0,0.0,0.0,0.0,0.0,0.0,0,0.0,0.0,0.0,1.5,1.3333333333333333,1.4761904761904763,0.0,0.0,0.0,0.0,0.0,0.0,0,0.0,0,0.0,0,0.0,0.0,0.0,0,0.0,0.0,0.0,0.0,0.0,0.0,0.0,0.0,0.0,0.0,0.0,0.0,0.0,0.0,0.0,0,0.0,0.0,0,0.0,0.0,0.0,0.0,0.0,0.0,0.0,0.0,0,0.0,0.0,0.0,0.0,0,0.0,0.0,0.0,0,0.0,0,0,0,0.0,0.0,0.0,0.0,0,0,0,0,0,0,0,0,0,0.0,0,0,0,11
40,40,0.0,0.0,0.0,0.0,0.0,0.0,0.0,0.0,0.0,0.0,0.0,0.0,0.0,1.3333333333333333,0.0,0.0,0.0,0.0,1.380952380952381,0.0,1.4523809523809523,0.0,0.0,1.4285714285714286,0.0,0.0,0.0,0.0,0.0,0.0,1.3571428571428572,0.0,0.0,0.0,0.0,0.0,0.0,0.0,0.0,0.0,0.0,0.0,0.0,0.0,0.0,1.5,0.0,0.0,0.0,0.0,0.0,0.0,0.0,0.0,0,0.0,0.0,0.0,0.0,0.0,0.0,0.0,0.0,0.0,0,0.0,0.0,0.0,0.0,0.0,0.0,0.0,0.0,0.0,0.0,0.0,0.0,0.0,0.0,0.0,0.0,0,0.0,0.0,0.0,0.0,0.0,0.0,0.0,0.0,0.0,0.0,0.0,0.0,0.0,1.3095238095238095,0,0.0,0.0,0.0,1.4761904761904763,0.0,0.0,0.0,0.0,0.0,0.0,0.0,0.0,0,0.0,0,1.2857142857142858,0,0.0,0.0,0.0,0,0.0,0.0,0.0,0.0,0.0,1.4047619047619047,0.0,0.0,0.0,0.0,0.0,0.0,0.0,0.0,0.0,0,0.0,0.0,0,0.0,0.0,0.0,0.0,0.0,0.0,0.0,0.0,0,0.0,0.0,0.0,0.0,0,0.0,0.0,0.0,0,0.0,0,0,0,0.0,0.0,0.0,0.0,0,0,0,0,0,0,0,0,0,0.0,0,0,0,10
41,41,0.0,0.0,0.0,1.4761904761904763,0.0,0.0,0.0,0.0,0.0,0.0,0.0,0.0,0.0,0.0,0.0,0.0,0.0,0.0,0.0,0.0,0.0,0.0,0.0,0.0,0.0,0.0,1.3571428571428572,0.0,0.0,0.0,0.0,0.0,0.0,0.0,0.0,0.0,0.0,0.0,0.0,0.0,0.0,0.0,0.0,0.0,0.0,0.0,0.0,0.0,0.0,0.0,0.0,0.0,0.0,0.0,0,1.4285714285714286,0.0,0.0,0.0,0.0,0.0,0.0,0.0,0.0,0,0.0,0.0,0.0,0.0,0.0,0.0,0.0,0.0,0.0,0.0,0.0,0.0,0.0,0.0,0.0,0.0,0,0.0,1.380952380952381,0.0,1.4523809523809523,0.0,0.0,0.0,0.0,0.0,0.0,0.0,0.0,0.0,0.0,0,0.0,0.0,0.0,0.0,0.0,0.0,0.0,0.0,0.0,0.0,0.0,0.0,0,0.0,0,0.0,0,0.0,1.4047619047619047,0.0,0,0.0,0.0,0.0,0.0,0.0,0.0,0.0,0.0,0.0,0.0,1.5,0.0,0.0,0.0,0.0,0,0.0,0.0,0,0.0,0.0,0.0,0.0,0.0,0.0,0.0,0.0,0,0.0,0.0,0.0,0.0,0,0.0,0.0,0.0,0,0.0,0,0,0,0.0,0.0,0.0,0.0,0,0,0,0,0,0,0,0,0,0.0,0,0,0,7
42,42,0.0,0.0,1.5,1.4761904761904763,0.0,0.0,1.4047619047619047,0.0,1.4523809523809523,0.0,0.0,0.0,0.0,0.0,0.0,0.0,0.0,0.0,0.0,0.0,0.0,0.0,0.0,0.0,0.0,1.4285714285714286,0.0,0.0,0.0,0.0,0.0,0.0,0.0,1.3333333333333333,0.0,0.0,0.0,0.0,0.0,0.0,0.0,0.0,0.0,0.0,0.0,0.0,0.0,0.0,0.0,0.0,0.0,0.0,0.0,0.0,0,0.0,0.0,0.0,0.0,0.0,0.0,0.0,0.0,0.0,0,0.0,0.0,0.0,0.0,0.0,0.0,0.0,0.0,0.0,0.0,1.3571428571428572,0.0,0.0,0.0,0.0,0.0,0,0.0,0.0,0.0,0.0,0.0,0.0,0.0,0.0,0.0,0.0,0.0,0.0,0.0,0.0,0,0.0,0.0,0.0,0.0,0.0,0.0,0.0,0.0,0.0,0.0,0.0,0.0,0,0.0,0,0.0,0,0.0,0.0,0.0,0,0.0,0.0,0.0,0.0,0.0,0.0,0.0,0.0,0.0,0.0,0.0,0.0,0.0,0.0,0.0,0,0.0,0.0,0,0.0,0.0,0.0,0.0,1.380952380952381,0.0,0.0,0.0,0,0.0,0.0,0.0,0.0,0,0.0,0.0,0.0,0,0.0,0,0,0,0.0,0.0,0.0,0.0,0,0,0,0,0,0,0,0,0,0.0,0,0,0,8
43,43,0.0,0.0,0.0,1.2857142857142858,0.0,0.0,0.0,0.0,0.0,0.0,0.0,0.0,0.0,0.0,1.1904761904761905,0.0,0.0,0.0,0.0,1.380952380952381,0.0,0.0,0.0,0.0,0.0,0.0,0.0,0.0,0.0,0.0,0.0,0.0,0.0,0.0,0.0,0.0,0.0,0.0,0.0,0.0,0.0,0.0,0.0,0.0,0.0,0.0,0.0,1.3333333333333333,0.0,0.0,1.4761904761904763,0.0,0.0,0.0,0,0.0,0.0,0.0,1.2142857142857142,0.0,0.0,0.0,0.0,0.0,0,0.0,0.0,0.0,0.0,0.0,0.0,0.0,0.0,0.0,0.0,0.0,0.0,0.0,1.3095238095238095,0.0,0.0,0,1.5,0.0,0.0,0.0,0.0,0.0,0.0,0.0,0.0,0.0,0.0,0.0,1.4523809523809523,0.0,0,0.0,0.0,0.0,0.0,1.4285714285714286,0.0,1.4047619047619047,0.0,0.0,0.0,0.0,0.0,0,0.0,0,0.0,0,1.2619047619047619,0.0,0.0,0,0.0,0.0,0.0,0.0,0.0,0.0,0.0,0.0,0.0,0.0,0.0,0.0,0.0,0.0,0.0,0,0.0,0.0,0,0.0,0.0,1.2380952380952381,1.3571428571428572,0.0,0.0,0.0,0.0,0,0.0,0.0,0.0,0.0,0,0.0,0.0,0.0,0,0.0,0,0,0,0.0,0.0,0.0,0.0,0,0,0,0,0,0,0,0,0,0.0,0,0,0,14
44,44,0.0,0.0,0.0,1.380952380952381,0.0,0.0,1.2619047619047619,0.0,0.0,0.0,0.0,0.0,0.0,0.0,0.0,0.0,0.0,0.0,0.0,0.0,0.0,0.0,0.0,1.5,0.0,0.0,0.0,0.0,1.1666666666666667,0.0,0.0,0.0,0.0,1.4285714285714286,0.0,0.0,0.0,0.0,0.0,0.0,1.4047619047619047,0.0,0.0,0.0,0.0,0.0,0.0,0.0,0.0,0.0,1.3571428571428572,0.0,0.0,0.0,0,0.0,0.0,0.0,0.0,0.0,0.0,0.0,0.0,0.0,0,0.0,0.0,0.0,0.0,0.0,0.0,0.0,0.0,0.0,0.0,1.119047619047619,0.0,0.0,0.0,0.0,0.0,0,0.0,0.0,0.0,0.0,0.0,1.2142857142857142,0.0,0.0,0.0,0.0,0.0,0.0,0.0,0.0,0,0.0,0.0,0.0,0.0,0.0,0.0,0.0,0.0,0.0,1.3333333333333333,0.0,1.1428571428571428,0,0.0,0,0.0,0,0.0,1.3095238095238095,1.4761904761904763,0,0.0,0.0,0.0,0.0,0.0,0.0,0.0,0.0,0.0,0.0,0.0,0.0,0.0,0.0,0.0,0,0.0,0.0,0,0.0,0.0,0.0,0.0,0.0,0.0,1.2857142857142858,0.0,0,0.0,0.0,1.4523809523809523,1.1904761904761905,0,0.0,0.0,0.0,0,0.0,0,0,0,0.0,0.0,0.0,1.2380952380952381,0,0,0,0,0,0,0,0,0,0.0,0,0,0,17
45,45,1.1428571428571428,0.0,0.0,0.0,0.0,0.0,1.0952380952380953,0.0,1.0238095238095237,0.0,0.0,0.0,0.0,1.2619047619047619,0.0,0.0,0.0,1.119047619047619,1.3571428571428572,0.0,0.0,0.0,0.0,1.1904761904761905,0.0,0.0,0.0,0.0,0.0,0.0,1.0714285714285714,0.0,0.0,1.2857142857142858,0.0,0.0,0.0,0.0,1.4761904761904763,0.0,1.3095238095238095,1.4285714285714286,1.3333333333333333,1.5,0.0,0.0,0.0,0.0,0.9761904761904762,1.0,1.1666666666666667,1.4047619047619047,0.0,0.0,0,0.0,0.0,0.0,0.0,0.0,0.0,0.0,0.0,0.0,0,0.0,0.0,0.0,0.0,0.0,0.0,0.0,0.0,0.0,0.0,1.380952380952381,0.0,0.0,0.0,0.0,0.0,0,0.0,0.0,0.0,0.0,0.0,0.0,0.0,0.0,0.0,0.0,0.0,0.0,0.0,0.0,0,0.0,0.0,0.0,1.4523809523809523,1.0476190476190477,0.0,0.0,0.0,0.0,0.0,0.0,1.2380952380952381,0,0.0,0,0.0,0,0.0,0.0,1.2142857142857142,0,0.0,0.0,0.0,0.0,0.0,0.0,0.0,0.0,0.0,0.0,0.0,0.0,0.0,0.0,0.0,0,0.0,0.0,0,0.0,0.0,0.0,0.0,0.0,0.0,0.0,0.0,0,0.0,0.0,0.0,0.0,0,0.0,0.0,0.0,0,0.0,0,0,0,0.0,0.0,0.0,0.0,0,0,0,0,0,0,0,0,0,0.0,0,0,0,23
46,46,0.0,0.0,0.0,0.0,0.0,0.0,0.0,0.0,0.0,0.0,0.0,0.0,0.0,0.0,0.0,0.0,1.380952380952381,0.0,0.0,0.0,1.3571428571428572,0.0,0.0,0.0,0.0,0.0,0.0,0.0,0.0,0.0,0.0,0.0,0.0,0.0,0.0,0.0,0.0,0.0,0.0,0.0,0.0,0.0,0.0,0.0,0.0,0.0,1.5,0.0,0.0,0.0,0.0,1.4047619047619047,0.0,0.0,0,0.0,0.0,0.0,1.4523809523809523,0.0,0.0,0.0,0.0,0.0,0,0.0,0.0,0.0,0.0,0.0,0.0,0.0,1.4761904761904763,0.0,0.0,1.3333333333333333,0.0,0.0,0.0,0.0,0.0,0,0.0,1.4285714285714286,0.0,0.0,0.0,0.0,0.0,0.0,0.0,0.0,0.0,0.0,0.0,0.0,0,0.0,0.0,0.0,0.0,0.0,0.0,0.0,0.0,0.0,0.0,0.0,0.0,0,0.0,0,0.0,0,0.0,0.0,0.0,0,0.0,0.0,0.0,0.0,0.0,0.0,0.0,0.0,0.0,0.0,0.0,0.0,0.0,0.0,0.0,0,0.0,0.0,0,0.0,0.0,0.0,0.0,0.0,0.0,0.0,0.0,0,0.0,0.0,0.0,0.0,0,0.0,0.0,0.0,0,0.0,0,0,0,0.0,0.0,0.0,0.0,0,0,0,0,0,0,0,0,0,0.0,0,0,0,8
47,47,1.4285714285714286,0.0,0.0,1.4761904761904763,0.0,0.0,1.4047619047619047,0.0,0.0,0.0,0.0,0.0,0.0,0.0,0.0,0.0,0.0,1.380952380952381,1.5,0.0,0.0,0.0,0.0,0.0,0.0,1.4523809523809523,0.0,0.0,0.0,0.0,0.0,0.0,0.0,0.0,0.0,0.0,0.0,0.0,0.0,0.0,0.0,0.0,0.0,0.0,0.0,0.0,0.0,0.0,0.0,0.0,0.0,0.0,0.0,0.0,0,0.0,0.0,0.0,0.0,0.0,0.0,1.3571428571428572,0.0,0.0,0,0.0,0.0,0.0,0.0,0.0,0.0,0.0,0.0,0.0,0.0,0.0,0.0,0.0,0.0,0.0,0.0,0,0.0,0.0,0.0,0.0,0.0,0.0,0.0,0.0,0.0,0.0,0.0,0.0,0.0,0.0,0,0.0,0.0,0.0,0.0,0.0,0.0,0.0,0.0,0.0,0.0,0.0,0.0,0,0.0,0,0.0,0,0.0,0.0,0.0,0,0.0,0.0,0.0,0.0,0.0,0.0,0.0,0.0,0.0,0.0,0.0,0.0,0.0,0.0,0.0,0,0.0,0.0,0,0.0,0.0,0.0,0.0,0.0,0.0,0.0,0.0,0,0.0,0.0,0.0,0.0,0,0.0,0.0,0.0,0,0.0,0,0,0,0.0,0.0,0.0,0.0,0,0,0,0,0,0,0,0,0,0.0,0,0,0,7
48,48,0.0,0.0,1.2619047619047619,1.4285714285714286,0.0,0.0,1.1904761904761905,0.0,1.0238095238095237,0.0,0.0,0.0,0.0,1.0714285714285714,0.0,0.0,1.380952380952381,0.0,0.0,0.0,0.0,0.0,0.0,0.0,0.0,0.0,0.0,0.0,0.0,0.0,1.119047619047619,0.0,0.0,1.4523809523809523,0.0,1.2380952380952381,0.0,0.0,1.0476190476190477,1.2142857142857142,0.0,0.0,0.0,1.4047619047619047,0.0,0.0,0.0,0.0,1.3333333333333333,0.0,0.0,1.3571428571428572,0.0,1.1666666666666667,0,0.0,0.0,0.0,0.0,1.1428571428571428,0.0,0.0,0.0,0.0,0,0.0,0.0,0.0,0.0,0.0,0.0,0.0,0.0,0.0,0.0,1.4761904761904763,0.0,1.0952380952380953,0.0,0.0,0.0,0,0.0,0.0,0.0,0.0,0.0,0.0,0.0,0.0,0.0,0.0,0.0,0.0,0.0,0.0,0,1.2857142857142858,0.0,0.0,0.0,0.0,0.0,0.0,0.0,1.0,1.3095238095238095,0.0,0.0,0,0.0,0,0.0,0,0.0,0.0,0.0,0,0.0,0.0,0.0,0.0,0.0,0.0,0.0,0.0,0.0,0.0,0.0,0.0,0.0,0.0,0.0,0,0.0,0.0,0,0.0,0.0,0.0,0.0,0.0,0.0,0.0,0.0,0,0.0,1.5,0.0,0.0,0,0.0,0.0,0.0,0,0.0,0,0,0,0.0,0.0,0.0,0.0,0,0,0,0,0,0,0,0,0,0.0,0,0,0,22
49,49,0.0,0.0,0.0,0.0,0.0,0.0,0.0,0.0,0.0,0.0,0.0,0.0,0.0,0.0,0.0,0.0,0.0,0.0,0.0,0.0,0.0,0.0,0.0,0.0,0.0,0.0,0.0,0.0,0.0,0.0,0.0,0.0,0.0,0.0,0.0,0.0,0.0,0.0,0.0,0.0,0.0,0.0,0.0,0.0,0.0,0.0,0.0,0.0,0.0,0.0,0.0,0.0,0.0,0.0,0,0.0,0.0,0.0,0.0,0.0,0.0,0.0,0.0,0.0,0,0.0,0.0,0.0,0.0,0.0,0.0,0.0,0.0,0.0,0.0,0.0,0.0,0.0,0.0,0.0,0.0,0,0.0,0.0,0.0,0.0,0.0,0.0,0.0,0.0,0.0,0.0,0.0,0.0,0.0,0.0,0,0.0,0.0,0.0,0.0,0.0,0.0,0.0,0.0,0.0,0.0,0.0,0.0,0,0.0,0,0.0,0,0.0,0.0,0.0,0,0.0,0.0,0.0,0.0,0.0,0.0,0.0,0.0,0.0,0.0,0.0,0.0,0.0,0.0,0.0,0,0.0,0.0,0,0.0,0.0,0.0,0.0,0.0,0.0,0.0,0.0,0,0.0,0.0,0.0,0.0,0,0.0,0.0,0.0,0,0.0,0,0,0,0.0,0.0,0.0,0.0,0,0,0,0,0,0,0,0,0,0.0,0,0,0,0
50,50,0.0,0.0,0.0,1.4761904761904763,0.0,0.0,0.0,0.0,0.0,0.0,0.0,0.0,0.0,0.0,0.0,0.0,0.0,0.0,0.0,0.0,0.0,0.0,0.0,0.0,0.0,0.0,0.0,0.0,0.0,0.0,0.0,0.0,0.0,0.0,0.0,0.0,0.0,0.0,0.0,0.0,0.0,0.0,0.0,1.5,0.0,0.0,0.0,0.0,0.0,0.0,0.0,0.0,0.0,0.0,0,0.0,0.0,0.0,0.0,0.0,0.0,0.0,0.0,0.0,0,0.0,0.0,0.0,0.0,0.0,0.0,0.0,0.0,0.0,0.0,0.0,0.0,0.0,0.0,0.0,0.0,0,0.0,0.0,0.0,0.0,0.0,0.0,0.0,0.0,0.0,0.0,0.0,0.0,0.0,0.0,0,0.0,0.0,0.0,0.0,0.0,0.0,0.0,0.0,0.0,0.0,0.0,0.0,0,0.0,0,0.0,0,0.0,0.0,0.0,0,0.0,0.0,0.0,0.0,0.0,0.0,0.0,0.0,0.0,0.0,0.0,0.0,0.0,0.0,0.0,0,0.0,0.0,0,0.0,0.0,0.0,0.0,0.0,0.0,0.0,0.0,0,0.0,0.0,0.0,0.0,0,0.0,0.0,0.0,0,0.0,0,0,0,0.0,0.0,0.0,0.0,0,0,0,0,0,0,0,0,0,0.0,0,0,0,2
51,51,0.0,0.0,0.0,1.4285714285714286,0.0,0.0,0.0,0.0,0.0,0.0,1.3571428571428572,0.0,0.0,0.0,0.0,0.0,1.2619047619047619,0.0,0.0,0.0,0.0,0.0,0.0,0.0,0.0,1.2857142857142858,0.0,0.0,0.0,0.0,1.380952380952381,0.0,0.0,1.2380952380952381,0.0,0.0,0.0,0.0,0.0,0.0,0.0,0.0,0.0,0.0,0.0,0.0,0.0,0.0,0.0,0.0,0.0,0.0,0.0,0.0,0,0.0,0.0,0.0,0.0,1.1428571428571428,0.0,0.0,0.0,1.0952380952380953,0,0.0,0.0,0.0,0.0,1.4523809523809523,0.0,0.0,1.3095238095238095,1.4047619047619047,0.0,1.2142857142857142,0.0,0.0,0.0,1.5,1.1904761904761905,0,0.0,0.0,0.0,1.3333333333333333,0.0,0.0,0.0,0.0,1.119047619047619,0.0,0.0,1.4761904761904763,0.0,0.0,0,0.0,0.0,0.0,0.0,0.0,0.0,0.0,0.0,0.0,0.0,0.0,0.0,0,0.0,0,0.0,0,1.1666666666666667,0.0,0.0,0,0.0,0.0,0.0,0.0,0.0,0.0,0.0,0.0,0.0,0.0,0.0,0.0,0.0,0.0,0.0,0,0.0,0.0,0,0.0,0.0,0.0,0.0,0.0,0.0,0.0,0.0,0,0.0,0.0,0.0,0.0,0,0.0,0.0,0.0,0,0.0,0,0,0,0.0,0.0,0.0,0.0,0,0,0,0,0,0,0,0,0,0.0,0,0,0,18
52,52,1.2380952380952381,0.0,0.0,1.4761904761904763,0.0,0.0,1.4047619047619047,0.0,1.5,0.0,0.0,0.0,0.0,0.0,0.0,0.0,0.0,0.0,1.4523809523809523,0.0,1.2142857142857142,0.0,0.0,0.0,0.0,1.4285714285714286,0.0,0.0,0.0,0.0,0.0,0.0,0.0,1.3571428571428572,0.0,0.0,0.0,0.0,0.0,0.0,0.0,0.0,0.0,0.0,0.0,1.2857142857142858,0.0,0.0,0.0,0.0,1.380952380952381,1.2619047619047619,0.0,0.0,0,0.0,1.3095238095238095,0.0,0.0,0.0,0.0,0.0,1.3333333333333333,0.0,0,0.0,0.0,0.0,0.0,0.0,0.0,0.0,0.0,0.0,0.0,0.0,0.0,0.0,0.0,0.0,0.0,0,0.0,0.0,0.0,0.0,0.0,0.0,0.0,0.0,0.0,0.0,0.0,0.0,0.0,0.0,0,0.0,0.0,0.0,0.0,0.0,0.0,0.0,0.0,0.0,0.0,0.0,0.0,0,0.0,0,0.0,0,0.0,0.0,0.0,0,0.0,0.0,0.0,0.0,0.0,0.0,0.0,0.0,0.0,0.0,0.0,0.0,0.0,0.0,0.0,0,0.0,0.0,0,0.0,0.0,0.0,0.0,0.0,0.0,0.0,0.0,0,0.0,0.0,0.0,0.0,0,0.0,0.0,0.0,0,0.0,0,0,0,0.0,0.0,0.0,0.0,0,0,0,0,0,0,0,0,0,0.0,0,0,0,13
53,53,1.3333333333333333,0.0,0.0,1.4047619047619047,0.0,0.0,1.4285714285714286,0.0,0.0,0.0,1.1904761904761905,0.0,0.0,0.0,0.0,0.0,0.0,0.0,1.3095238095238095,0.0,0.0,0.0,0.0,0.0,0.0,1.380952380952381,0.0,0.0,0.0,0.0,0.0,0.0,0.0,1.2142857142857142,0.0,0.0,0.0,0.0,0.0,0.0,0.0,0.0,0.0,0.0,0.0,1.4523809523809523,0.0,0.0,0.0,1.2380952380952381,1.5,1.4761904761904763,0.0,0.0,0,0.0,1.2857142857142858,0.0,0.0,0.0,0.0,0.0,1.2619047619047619,1.1666666666666667,0,0.0,0.0,0.0,0.0,0.0,0.0,0.0,0.0,0.0,0.0,0.0,0.0,0.0,0.0,0.0,0.0,0,0.0,0.0,0.0,0.0,0.0,0.0,0.0,0.0,0.0,0.0,0.0,0.0,0.0,0.0,0,0.0,0.0,0.0,0.0,0.0,0.0,0.0,0.0,0.0,0.0,0.0,1.3571428571428572,0,0.0,0,0.0,0,0.0,0.0,0.0,0,0.0,0.0,0.0,0.0,0.0,0.0,0.0,0.0,0.0,0.0,0.0,0.0,0.0,0.0,0.0,0,0.0,0.0,0,0.0,0.0,0.0,0.0,0.0,0.0,0.0,0.0,0,0.0,0.0,0.0,0.0,0,0.0,0.0,0.0,0,0.0,0,0,0,0.0,0.0,0.0,0.0,0,0,0,0,0,0,0,0,0,0.0,0,0,0,15
54,54,0.0,0.0,0.0,0.0,0.0,0.0,1.2857142857142858,0.0,0.0,0.0,0.0,0.0,0.0,0.0,0.0,0.0,0.0,0.0,0.0,0.0,0.0,1.5,0.0,0.0,0.0,0.0,0.0,0.0,0.0,0.0,0.0,1.1904761904761905,1.4047619047619047,0.0,1.1666666666666667,0.0,0.0,0.0,0.0,0.0,0.0,0.0,0.0,1.119047619047619,0.0,0.0,0.0,0.0,0.0,1.3571428571428572,0.0,0.0,0.0,1.4285714285714286,0,0.0,0.0,0.0,1.4523809523809523,0.0,0.0,0.0,0.0,0.0,0,1.3095238095238095,1.380952380952381,0.0,1.3333333333333333,0.0,0.0,0.0,0.0,0.0,0.0,0.0,0.0,0.0,0.0,0.0,0.0,0,0.0,0.0,0.0,0.0,0.0,0.0,0.0,0.0,0.0,0.0,0.0,0.0,0.0,0.0,0,0.0,0.0,0.0,0.0,0.0,0.0,0.0,0.0,0.0,0.0,0.0,0.0,0,1.1428571428571428,0,0.0,0,0.0,0.0,1.2142857142857142,0,1.2380952380952381,1.2619047619047619,1.4761904761904763,0.0,0.0,0.0,0.0,0.0,0.0,0.0,0.0,0.0,0.0,0.0,0.0,0,0.0,0.0,0,0.0,0.0,0.0,0.0,0.0,0.0,0.0,0.0,0,0.0,0.0,0.0,0.0,0,0.0,0.0,0.0,0,0.0,0,0,0,0.0,0.0,0.0,0.0,0,0,0,0,0,0,0,0,0,0.0,0,0,0,17
55,55,0.0,0.0,0.0,0.0,0.0,0.0,1.4047619047619047,1.0952380952380953,0.0,0.0,0.0,0.0,0.0,0.0,0.0,0.0,0.0,0.0,0.0,0.0,0.0,1.380952380952381,0.0,0.0,0.0,0.0,0.0,0.0,0.0,0.0,0.0,0.0,1.1428571428571428,0.0,0.0,0.0,0.0,0.0,0.0,0.0,0.0,0.0,0.0,0.0,0.0,0.0,0.0,0.0,1.2857142857142858,1.1666666666666667,0.0,1.119047619047619,0.0,1.4523809523809523,0,0.0,0.0,0.0,0.0,0.0,0.0,0.0,0.0,0.0,0,1.4285714285714286,1.2380952380952381,1.4761904761904763,1.3095238095238095,0.0,0.0,0.0,0.0,0.0,0.0,0.0,0.0,0.0,0.0,0.0,0.0,0,0.0,0.0,0.0,0.0,0.0,0.0,0.0,0.0,0.0,0.0,0.0,0.0,0.0,0.0,0,1.3571428571428572,0.0,0.0,1.3333333333333333,0.0,0.0,0.0,0.0,0.0,0.0,0.0,0.0,0,0.0,0,0.0,0,0.0,0.0,0.0,0,0.0,1.1904761904761905,1.5,1.2619047619047619,1.2142857142857142,0.0,0.0,0.0,0.0,0.0,0.0,0.0,0.0,0.0,0.0,0,0.0,0.0,0,0.0,0.0,0.0,0.0,0.0,0.0,0.0,0.0,0,0.0,0.0,0.0,0.0,0,0.0,0.0,0.0,0,0.0,0,0,0,0.0,0.0,0.0,0.0,0,0,0,0,0,0,0,0,0,0.0,0,0,0,18
56,56,0.0,0.0,0.0,1.2619047619047619,0.0,0.0,1.3095238095238095,0.0,1.380952380952381,0.0,0.0,0.0,0.0,0.0,0.0,0.0,0.0,0.0,0.0,0.0,0.0,0.0,0.0,1.4047619047619047,0.0,0.0,0.0,0.0,0.0,0.0,0.0,0.0,0.0,0.0,0.0,0.0,0.0,0.0,0.0,0.0,1.5,0.0,0.0,0.0,0.0,0.0,0.0,0.0,0.0,0.0,0.0,0.0,0.0,0.0,0,0.0,0.0,0.0,0.0,0.0,0.0,0.0,0.0,0.0,0,0.0,0.0,0.0,0.0,0.0,0.0,0.0,0.0,0.0,0.0,0.0,0.0,0.0,0.0,0.0,0.0,0,0.0,0.0,0.0,0.0,0.0,1.4761904761904763,0.0,0.0,0.0,0.0,0.0,0.0,0.0,0.0,0,0.0,0.0,0.0,0.0,0.0,0.0,0.0,0.0,0.0,1.3571428571428572,0.0,0.0,0,0.0,0,0.0,0,0.0,1.2857142857142858,0.0,0,0.0,0.0,0.0,0.0,0.0,0.0,0.0,0.0,0.0,0.0,0.0,0.0,0.0,0.0,0.0,0,0.0,0.0,0,0.0,0.0,0.0,0.0,0.0,0.0,1.4523809523809523,0.0,0,0.0,0.0,1.4285714285714286,1.2380952380952381,0,0.0,0.0,0.0,0,0.0,0,0,0,0.0,0.0,0.0,1.3333333333333333,0,0,0,0,0,0,0,0,0,0.0,0,0,0,12
57,57,0.0,0.0,0.0,0.0,0.0,0.0,0.0,0.0,0.0,0.0,0.0,0.0,1.2857142857142858,0.0,0.0,0.0,0.0,0.0,1.4761904761904763,0.0,0.0,0.0,0.0,0.0,0.0,1.380952380952381,0.0,0.0,0.0,0.0,0.0,0.0,0.0,1.3333333333333333,0.0,1.4523809523809523,0.0,0.0,0.0,0.0,0.0,0.0,0.0,0.0,0.0,0.0,0.0,0.0,0.0,0.0,0.0,0.0,0.0,0.0,0,0.0,1.3095238095238095,1.4047619047619047,1.5,1.2619047619047619,0.0,1.4285714285714286,0.0,0.0,0,0.0,0.0,0.0,0.0,1.3571428571428572,0.0,0.0,0.0,0.0,0.0,1.2380952380952381,0.0,0.0,0.0,0.0,0.0,0,0.0,0.0,0.0,0.0,0.0,0.0,0.0,0.0,0.0,0.0,0.0,0.0,0.0,0.0,0,0.0,0.0,0.0,0.0,0.0,0.0,0.0,0.0,0.0,0.0,0.0,0.0,0,0.0,0,0.0,0,0.0,0.0,0.0,0,0.0,0.0,0.0,0.0,0.0,0.0,0.0,0.0,0.0,0.0,0.0,0.0,0.0,0.0,0.0,0,0.0,0.0,0,0.0,0.0,0.0,0.0,0.0,0.0,0.0,0.0,0,0.0,0.0,0.0,0.0,0,0.0,0.0,0.0,0,0.0,0,0,0,0.0,0.0,0.0,0.0,0,0,0,0,0,0,0,0,0,0.0,0,0,0,12
58,58,0.0,0.0,1.4523809523809523,0.0,0.0,0.0,0.0,0.0,0.0,0.0,0.0,0.0,0.0,1.0,0.0,0.0,0.0,1.2619047619047619,1.1428571428571428,1.4047619047619047,1.0238095238095237,0.0,0.9047619047619048,0.8809523809523809,0.0,1.1904761904761905,1.3095238095238095,1.0476190476190477,0.0,0.0,1.4761904761904763,0.0,0.0,1.1666666666666667,0.0,1.4285714285714286,0.0,0.0,0.0,0.0,0.0,0.0,0.0,1.2142857142857142,0.0,0.0,0.0,0.0,0.0,0.0,0.0,0.0,0.0,0.0,0,0.0,1.2857142857142858,1.0952380952380953,1.3333333333333333,1.380952380952381,0.0,0.0,0.0,0.0,0,0.0,0.0,0.0,0.0,0.0,0.0,0.0,0.9761904761904762,1.0714285714285714,0.9523809523809523,1.3571428571428572,1.2380952380952381,0.0,0.0,0.0,0.0,0,0.0,0.0,0.0,0.0,0.0,0.0,0.0,1.5,0.9285714285714286,0.0,0.0,0.0,0.0,0.0,0,0.0,0.0,0.0,0.0,0.0,0.0,0.0,0.0,0.0,0.0,0.0,0.0,0,0.0,0,1.119047619047619,0,0.0,0.0,0.0,0,0.0,0.0,0.0,0.0,0.0,0.0,0.0,0.0,0.0,0.0,0.0,0.0,0.0,0.0,0.0,0,0.0,0.0,0,0.0,0.0,0.0,0.0,0.0,0.0,0.0,0.0,0,0.0,0.0,0.0,0.0,0,0.0,0.0,0.0,0,0.0,0,0,0,0.0,0.0,0.0,0.0,0,0,0,0,0,0,0,0,0,0.0,0,0,0,27
59,59,0.0,0.0,1.119047619047619,0.0,0.0,0.0,1.3095238095238095,0.0,0.0,0.0,0.0,0.0,0.0,0.0,0.0,0.0,0.0,0.0,0.0,1.1428571428571428,0.0,0.0,0.0,0.0,0.0,1.4047619047619047,0.0,0.0,0.0,0.0,0.0,0.0,0.0,0.0,0.0,1.2857142857142858,0.0,0.0,0.0,0.0,0.0,0.0,0.0,1.0238095238095237,0.0,0.0,0.0,0.0,1.0952380952380953,0.0,0.0,0.0,0.0,0.0,0,0.0,0.0,0.0,0.0,1.2380952380952381,0.0,1.3333333333333333,0.0,0.0,0,1.4761904761904763,1.4285714285714286,1.0,1.3571428571428572,0.0,1.1904761904761905,0.0,1.2142857142857142,1.1666666666666667,0.0,0.0,0.0,0.0,0.0,0.0,0.0,0,0.0,0.0,0.0,0.0,0.0,0.0,0.0,0.0,0.0,0.0,0.0,0.0,0.0,0.0,0,0.0,0.0,0.0,1.5,0.0,0.0,0.0,0.0,0.0,0.0,0.0,0.0,0,0.0,0,0.0,0,0.0,0.0,0.0,0,0.0,1.380952380952381,1.2619047619047619,0.0,0.0,0.0,0.0,0.0,0.0,0.0,0.0,0.0,0.0,0.0,1.4523809523809523,0,1.0714285714285714,0.0,0,0.0,0.0,0.0,0.0,0.0,0.0,0.0,0.0,0,0.0,0.0,0.0,0.0,0,0.0,0.0,0.0,0,1.0476190476190477,0,0,0,0.0,0.0,0.0,0.0,0,0,0,0,0,0,0,0,0,0.0,0,0,0,22
60,60,0.0,0.0,0.0,0.0,0.0,0.0,0.0,0.0,0.0,0.0,0.0,0.0,0.0,0.0,0.0,0.0,0.0,0.0,1.2857142857142858,0.0,0.0,0.0,1.3333333333333333,0.0,0.0,0.0,0.0,1.2380952380952381,0.0,0.0,1.1666666666666667,0.0,0.0,0.0,0.0,1.380952380952381,0.0,0.0,0.0,0.0,0.0,0.0,0.0,0.0,0.0,0.0,0.0,0.0,0.0,0.0,0.0,0.0,0.0,0.0,0,0.0,0.0,1.1904761904761905,1.5,0.0,0.0,0.0,0.0,1.3571428571428572,0,0.0,0.0,0.0,0.0,0.0,0.0,0.0,0.0,0.0,0.0,1.3095238095238095,0.0,1.4047619047619047,0.0,1.4523809523809523,0.0,0,0.0,0.0,0.0,0.0,0.0,0.0,0.0,0.0,1.4285714285714286,0.0,1.4761904761904763,0.0,0.0,0.0,0,0.0,0.0,0.0,0.0,0.0,0.0,0.0,0.0,0.0,0.0,0.0,0.0,0,0.0,0,0.0,0,0.0,0.0,0.0,0,0.0,0.0,0.0,0.0,0.0,0.0,0.0,0.0,0.0,0.0,0.0,0.0,0.0,0.0,0.0,0,0.0,0.0,0,0.0,0.0,0.0,0.0,0.0,0.0,0.0,0.0,0,0.0,1.2142857142857142,0.0,0.0,0,0.0,0.0,0.0,0,0.0,0,0,0,0.0,0.0,0.0,0.0,0,0,0,0,0,0,0,0,0,1.2619047619047619,0,0,0,15
61,61,1.1428571428571428,0.0,0.0,0.0,0.0,0.0,0.0,1.2857142857142858,0.0,0.0,0.0,0.0,0.0,0.0,0.0,0.0,1.4047619047619047,0.0,1.4285714285714286,0.0,1.119047619047619,0.0,0.0,0.0,0.0,1.2142857142857142,0.0,0.0,0.0,0.0,0.0,0.0,0.0,1.380952380952381,0.0,1.2380952380952381,0.0,0.0,0.0,0.0,1.2619047619047619,1.3333333333333333,0.0,0.0,0.0,0.0,0.0,0.0,0.0,0.0,0.0,1.5,0.0,0.0,0,0.0,1.1904761904761905,0.0,0.0,0.0,0.0,1.1666666666666667,0.0,0.0,0,1.3571428571428572,1.3095238095238095,0.0,0.0,0.0,0.0,0.0,0.0,0.0,0.0,0.0,0.0,0.0,0.0,0.0,0.0,0,0.0,0.0,0.0,0.0,0.0,0.0,0.0,0.0,0.0,0.0,0.0,0.0,0.0,0.0,0,0.0,0.0,0.0,1.4761904761904763,0.0,1.4523809523809523,0.0,0.0,0.0,0.0,0.0,0.0,0,0.0,0,0.0,0,0.0,0.0,0.0,0,0.0,0.0,0.0,0.0,0.0,0.0,0.0,0.0,0.0,0.0,0.0,0.0,0.0,0.0,0.0,0,0.0,0.0,0,0.0,0.0,0.0,0.0,0.0,0.0,0.0,0.0,0,0.0,0.0,0.0,0.0,0,0.0,0.0,0.0,0,0.0,0,0,0,0.0,0.0,0.0,0.0,0,0,0,0,0,0,0,0,0,0.0,0,0,0,17
62,62,0.0,0.0,0.0,0.0,0.0,0.0,0.9285714285714286,0.0,0.0,0.0,0.0,0.0,1.1428571428571428,0.0,0.0,0.0,0.0,0.9523809523809523,1.119047619047619,0.0,0.0,0.0,0.0,0.0,0.0,1.380952380952381,1.0714285714285714,1.2380952380952381,0.0,0.0,0.0,0.0,0.0,1.0238095238095237,0.0,1.1904761904761905,0.0,0.0,1.0,0.9761904761904762,0.0,0.0,0.0,1.5,0.0,0.0,0.0,0.0,0.8571428571428571,0.0,0.0,0.0,0.0,0.0,0,0.0,1.3095238095238095,1.2619047619047619,1.3571428571428572,1.3333333333333333,0.0,1.4285714285714286,0.0,0.0,0,1.2142857142857142,1.2857142857142858,0.0,0.8809523809523809,1.4523809523809523,1.0952380952380953,0.0,0.0,1.4047619047619047,0.0,0.0,0.0,0.0,0.0,0.0,0.0,0,0.0,0.0,0.0,1.1666666666666667,0.0,0.0,0.0,0.0,0.0,0.0,0.0,0.0,0.0,0.0,0,0.0,0.0,0.0,0.0,0.0,0.0,0.0,0.0,0.0,0.0,0.0,0.0,0,0.0,0,0.9047619047619048,0,0.0,0.0,0.0,0,0.0,1.0476190476190477,0.0,0.0,0.0,0.0,0.0,0.0,0.0,0.0,0.0,0.0,0.0,0.0,0.0,0,0.0,0.0,0,0.0,0.0,0.0,0.0,0.0,0.0,0.0,0.0,0,1.4761904761904763,0.0,0.0,0.0,0,0.0,0.0,0.0,0,0.0,0,0,0,0.0,0.0,0.0,0.0,0,0,0,0,0,0,0,0,0,0.0,0,0,0,28
63,63,1.3095238095238095,0.0,0.0,1.2380952380952381,0.0,0.0,0.0,1.5,0.0,1.2619047619047619,1.4761904761904763,1.4285714285714286,1.4523809523809523,0.0,0.0,0.0,0.0,0.0,1.1666666666666667,0.0,1.3333333333333333,0.0,0.0,0.0,0.0,1.380952380952381,0.0,0.0,1.2857142857142858,0.0,0.0,0.0,0.0,0.0,0.0,0.0,0.0,0.0,0.0,0.0,0.0,0.0,0.0,0.0,0.0,1.3571428571428572,0.0,0.0,0.0,0.0,1.1904761904761905,0.0,0.0,0.0,0,0.0,0.0,0.0,0.0,0.0,0.0,0.0,0.0,0.0,0,0.0,0.0,0.0,0.0,0.0,0.0,0.0,0.0,0.0,0.0,0.0,0.0,0.0,0.0,0.0,0.0,0,0.0,0.0,0.0,0.0,0.0,0.0,0.0,0.0,0.0,0.0,0.0,0.0,0.0,0.0,0,0.0,0.0,0.0,0.0,0.0,1.4047619047619047,0.0,0.0,0.0,0.0,0.0,0.0,0,0.0,0,0.0,0,0.0,0.0,0.0,0,1.2142857142857142,0.0,0.0,0.0,0.0,0.0,0.0,0.0,0.0,0.0,0.0,0.0,0.0,0.0,0.0,0,0.0,0.0,0,0.0,0.0,0.0,0.0,0.0,0.0,0.0,0.0,0,0.0,0.0,0.0,0.0,0,0.0,0.0,0.0,0,0.0,0,0,0,0.0,0.0,0.0,0.0,0,0,0,0,0,0,0,0,0,0.0,0,0,0,15
64,64,0.0,0.0,0.0,1.4523809523809523,0.0,0.0,0.0,1.2857142857142858,0.0,1.4285714285714286,0.0,0.0,0.0,0.0,0.0,1.1904761904761905,0.0,1.3095238095238095,0.0,1.3571428571428572,0.0,0.0,0.0,0.0,0.0,1.2619047619047619,0.0,0.0,0.0,0.0,0.0,0.0,0.0,0.0,0.0,0.0,0.0,1.3333333333333333,0.0,0.0,0.0,0.0,0.0,1.5,0.0,0.0,0.0,0.0,0.0,0.0,0.0,0.0,0.0,0.0,0,0.0,0.0,0.0,0.0,0.0,0.0,0.0,0.0,0.0,0,0.0,0.0,0.0,0.0,0.0,0.0,0.0,0.0,0.0,0.0,0.0,0.0,0.0,0.0,0.0,0.0,0,0.0,0.0,0.0,0.0,0.0,0.0,0.0,0.0,0.0,1.4761904761904763,0.0,0.0,1.380952380952381,0.0,0,0.0,0.0,0.0,0.0,0.0,0.0,0.0,0.0,0.0,0.0,1.4047619047619047,0.0,0,0.0,0,0.0,0,0.0,0.0,0.0,0,0.0,0.0,0.0,0.0,0.0,1.2142857142857142,0.0,0.0,0.0,0.0,0.0,0.0,0.0,0.0,0.0,0,0.0,0.0,0,0.0,0.0,0.0,0.0,0.0,0.0,0.0,0.0,0,0.0,0.0,0.0,0.0,0,0.0,0.0,1.2380952380952381,0,0.0,0,0,0,0.0,0.0,0.0,0.0,0,0,0,0,0,0,0,0,0,0.0,0,0,0,14
65,65,0.0,0.0,0.0,1.4761904761904763,0.0,0.0,0.0,0.0,0.0,0.0,0.0,0.0,1.2619047619047619,0.0,0.0,0.0,0.0,0.0,1.4047619047619047,0.0,0.0,0.0,0.0,0.0,0.0,1.2857142857142858,0.0,0.0,0.0,0.0,0.0,0.0,0.0,1.380952380952381,0.0,0.0,0.0,0.0,0.0,0.0,0.0,0.0,0.0,1.2142857142857142,0.0,0.0,0.0,0.0,0.0,0.0,0.0,1.4523809523809523,0.0,0.0,0,0.0,1.4285714285714286,1.3571428571428572,0.0,1.2380952380952381,0.0,0.0,1.3333333333333333,0.0,0,0.0,1.5,0.0,0.0,0.0,0.0,0.0,0.0,0.0,0.0,0.0,0.0,0.0,0.0,0.0,0.0,0,0.0,0.0,0.0,0.0,0.0,0.0,0.0,0.0,0.0,0.0,0.0,0.0,0.0,1.3095238095238095,0,0.0,0.0,0.0,0.0,0.0,1.1904761904761905,0.0,0.0,0.0,0.0,0.0,0.0,0,0.0,0,0.0,0,0.0,0.0,0.0,0,0.0,0.0,0.0,0.0,0.0,0.0,0.0,0.0,0.0,0.0,0.0,0.0,0.0,0.0,0.0,0,0.0,0.0,0,0.0,0.0,0.0,0.0,0.0,0.0,0.0,0.0,0,0.0,0.0,0.0,0.0,0,0.0,0.0,0.0,0,0.0,0,0,0,0.0,0.0,0.0,0.0,0,0,0,0,0,0,0,0,0,0.0,0,0,0,14
66,66,0.0,0.0,0.0,1.4285714285714286,0.0,0.0,0.0,0.0,0.0,0.0,0.0,0.0,0.0,0.0,0.0,0.0,0.0,1.0476190476190477,0.9285714285714286,0.0,0.0,0.0,0.0,0.0,0.0,1.2619047619047619,0.0,0.0,1.0,0.0,1.4047619047619047,0.0,0.0,1.2380952380952381,0.0,0.9761904761904762,0.0,0.0,1.1666666666666667,0.0,0.0,0.0,0.0,1.380952380952381,0.0,0.0,0.0,0.0,1.1428571428571428,0.0,0.0,0.0,0.0,0.9523809523809523,0,0.0,0.0,0.0,1.4761904761904763,1.2142857142857142,0.0,1.5,0.0,0.0,0,1.0952380952380953,1.3571428571428572,1.0238095238095237,0.0,1.3095238095238095,1.0714285714285714,0.0,0.0,1.119047619047619,0.0,0.0,0.0,0.0,0.0,0.0,0.0,0,0.0,0.0,0.0,0.0,0.0,0.0,0.0,0.0,0.0,0.0,0.0,0.0,0.0,0.0,0,1.4523809523809523,0.0,0.0,0.0,0.0,0.0,0.0,0.0,0.0,0.0,0.0,0.0,0,0.0,0,0.0,0,0.0,0.0,0.0,0,0.0,1.1904761904761905,1.3333333333333333,0.0,0.0,0.0,0.0,0.0,0.0,0.0,0.0,0.0,0.0,0.0,0.0,0,0.0,0.0,0,0.0,0.0,0.0,0.0,0.0,0.0,0.0,0.0,0,1.2857142857142858,0.0,0.0,0.0,0,0.0,0.0,0.0,0,0.0,0,0,0,0.0,0.0,0.0,0.0,0,0,0,0,0,0,0,0,0,0.0,0,0,0,25
67,67,0.0,0.0,0.0,0.0,0.0,0.0,1.4285714285714286,0.0,0.0,0.0,0.0,0.0,0.0,1.1904761904761905,0.0,0.0,0.0,0.0,0.0,0.0,0.0,1.5,1.2857142857142858,0.0,0.0,0.0,0.0,0.0,0.0,0.0,0.0,1.2142857142857142,1.4523809523809523,1.3095238095238095,1.2380952380952381,0.0,0.0,0.0,0.0,0.0,0.0,0.0,0.0,0.0,0.0,1.3333333333333333,0.0,0.0,0.0,1.3571428571428572,0.0,0.0,0.0,0.0,0,0.0,0.0,0.0,0.0,0.0,0.0,0.0,0.0,0.0,0,0.0,0.0,0.0,0.0,0.0,0.0,0.0,0.0,0.0,0.0,0.0,0.0,0.0,0.0,0.0,0.0,0,0.0,0.0,0.0,0.0,0.0,0.0,0.0,0.0,0.0,0.0,0.0,0.0,0.0,0.0,0,0.0,0.0,1.4761904761904763,1.4047619047619047,1.2619047619047619,0.0,0.0,0.0,0.0,0.0,0.0,0.0,0,0.0,0,0.0,0,0.0,0.0,0.0,0,0.0,0.0,0.0,0.0,0.0,0.0,0.0,0.0,0.0,0.0,0.0,0.0,0.0,0.0,0.0,0,0.0,0.0,0,0.0,0.0,0.0,0.0,0.0,0.0,0.0,0.0,0,0.0,0.0,0.0,0.0,0,0.0,1.380952380952381,0.0,0,0.0,0,0,0,0.0,0.0,0.0,0.0,0,0,0,0,0,0,0,0,0,0.0,0,0,0,14
68,68,0.0,1.3571428571428572,0.0,1.5,1.0476190476190477,1.2857142857142858,0.0,0.0,0.0,1.380952380952381,1.0714285714285714,0.0,0.0,0.9047619047619048,0.0,1.2619047619047619,0.0,0.0,1.2380952380952381,0.0,0.0,0.0,0.0,0.0,0.0,0.0,0.0,0.0,0.0,0.0,0.0,0.0,0.0,1.1904761904761905,0.0,0.0,0.0,0.0,0.0,0.0,0.0,0.0,0.0,0.0,0.0,0.0,0.0,0.0,0.0,0.0,1.4523809523809523,1.119047619047619,0.0,0.0,0,1.4285714285714286,0.0,0.0,0.0,0.0,0.0,0.0,0.0,0.0,0,0.0,0.0,0.0,0.0,0.0,0.0,0.0,0.0,0.0,0.0,1.4047619047619047,0.0,0.0,0.0,0.0,0.0,0,0.0,1.0238095238095237,1.2142857142857142,0.9761904761904762,0.8809523809523809,0.0,0.0,0.0,1.0,0.0,0.0,0.0,0.0,0.0,0,0.0,0.0,0.0,0.0,0.0,0.0,0.0,0.0,0.0,1.3333333333333333,0.0,0.0,0,0.0,0,0.0,0,0.0,1.3095238095238095,0.0,0,0.0,0.0,0.0,0.0,0.0,0.0,0.0,0.0,1.1666666666666667,0.0,1.4761904761904763,1.0952380952380953,0.9523809523809523,0.0,0.0,0,0.0,0.0,0,0.0,0.0,0.0,0.0,1.1428571428571428,0.0,0.0,0.0,0,0.0,0.0,0.0,0.9285714285714286,0,0.0,0.0,0.0,0,0.0,0,0,0,0.0,0.0,0.0,0.0,0,0,0,0,0,0,0,0,0,0.0,0,0,0,27
69,69,0.0,0.0,0.0,0.0,0.0,0.0,0.0,0.0,0.0,0.0,0.0,0.0,0.0,0.0,0.0,0.0,0.0,0.0,0.0,0.0,0.0,0.0,0.0,0.0,0.0,0.0,0.0,0.0,0.0,0.0,0.0,0.0,0.0,0.0,0.0,0.0,0.0,0.0,0.0,0.0,0.0,0.0,0.0,0.0,0.0,0.0,0.0,0.0,0.0,0.0,0.0,0.0,0.0,0.0,0,0.0,0.0,0.0,0.0,0.0,0.0,0.0,0.0,0.0,0,0.0,0.0,0.0,0.0,0.0,0.0,0.0,0.0,0.0,0.0,0.0,0.0,0.0,0.0,0.0,0.0,0,0.0,0.0,0.0,0.0,0.0,0.0,0.0,0.0,0.0,0.0,0.0,0.0,0.0,0.0,0,0.0,0.0,0.0,0.0,0.0,0.0,0.0,0.0,0.0,0.0,0.0,0.0,0,0.0,0,0.0,0,0.0,0.0,0.0,0,0.0,0.0,0.0,0.0,0.0,0.0,0.0,0.0,0.0,0.0,0.0,0.0,0.0,0.0,0.0,0,0.0,0.0,0,0.0,0.0,0.0,0.0,0.0,0.0,0.0,0.0,0,0.0,0.0,0.0,0.0,0,0.0,0.0,0.0,0,0.0,0,0,0,0.0,0.0,0.0,0.0,0,0,0,0,0,0,0,0,0,0.0,0,0,0,0
70,70,0.0,0.0,0.0,1.5,0.0,0.0,0.0,0.0,0.0,0.0,0.0,0.0,0.0,0.0,0.0,0.0,0.0,0.0,0.0,0.0,0.0,0.0,0.0,0.0,0.0,0.0,0.0,0.0,0.0,0.0,0.0,0.0,0.0,0.0,0.0,0.0,0.0,0.0,0.0,0.0,0.0,0.0,0.0,0.0,0.0,0.0,0.0,0.0,0.0,0.0,0.0,0.0,0.0,0.0,0,0.0,0.0,0.0,0.0,0.0,0.0,0.0,0.0,0.0,0,0.0,0.0,0.0,0.0,0.0,0.0,0.0,0.0,0.0,0.0,1.4761904761904763,0.0,0.0,0.0,0.0,0.0,0,0.0,0.0,0.0,0.0,0.0,0.0,0.0,0.0,0.0,0.0,0.0,0.0,0.0,0.0,0,0.0,0.0,0.0,0.0,0.0,0.0,0.0,0.0,0.0,0.0,0.0,0.0,0,0.0,0,0.0,0,0.0,0.0,0.0,0,0.0,0.0,0.0,0.0,0.0,0.0,0.0,0.0,0.0,0.0,0.0,0.0,0.0,0.0,0.0,0,0.0,0.0,0,0.0,0.0,0.0,0.0,0.0,0.0,0.0,0.0,0,0.0,0.0,0.0,0.0,0,0.0,0.0,0.0,0,0.0,0,0,0,0.0,0.0,0.0,0.0,0,0,0,0,0,0,0,0,0,0.0,0,0,0,2
71,71,0.0,0.0,0.0,0.0,0.0,0.0,0.0,0.0,0.0,0.0,0.0,0.0,0.0,0.0,0.0,0.0,0.0,0.0,0.0,0.0,0.0,0.0,0.0,0.0,0.0,0.0,0.0,0.0,0.0,0.0,0.0,0.0,0.0,0.0,0.0,0.0,0.0,0.0,0.0,0.0,0.0,0.0,0.0,0.0,0.0,0.0,0.0,0.0,0.0,0.0,0.0,0.0,0.0,0.0,0,0.0,0.0,0.0,0.0,0.0,0.0,0.0,0.0,0.0,0,0.0,0.0,0.0,0.0,0.0,0.0,0.0,0.0,0.0,0.0,0.0,0.0,0.0,0.0,0.0,0.0,0,0.0,0.0,0.0,0.0,0.0,0.0,0.0,0.0,0.0,0.0,0.0,0.0,0.0,0.0,0,0.0,0.0,0.0,0.0,0.0,0.0,0.0,0.0,0.0,0.0,0.0,0.0,0,0.0,0,0.0,0,0.0,0.0,0.0,0,0.0,0.0,0.0,0.0,0.0,0.0,0.0,0.0,0.0,0.0,0.0,0.0,0.0,0.0,0.0,0,0.0,0.0,0,0.0,0.0,0.0,0.0,0.0,0.0,0.0,0.0,0,0.0,0.0,0.0,0.0,0,0.0,0.0,0.0,0,0.0,0,0,0,0.0,0.0,0.0,0.0,0,0,0,0,0,0,0,0,0,0.0,0,0,0,0
72,72,0.0,0.0,0.9523809523809523,1.380952380952381,0.0,0.0,0.0,0.0,0.0,0.0,0.0,0.0,0.0,0.0,1.4285714285714286,0.0,1.2619047619047619,0.0,0.0,0.0,0.0,0.0,0.0,0.0,0.0,0.0,1.4761904761904763,1.0476190476190477,0.0,0.0,1.2857142857142858,0.0,0.0,0.8095238095238095,0.0,0.0,0.0,0.0,1.0,0.9047619047619048,0.0,0.0,0.0,0.8333333333333334,0.0,0.0,0.0,0.0,0.0,0.0,0.8571428571428571,0.0,0.0,0.0,0,1.1666666666666667,0.0,0.0,0.0,0.0,0.0,0.0,0.0,0.0,0,0.0,0.0,0.0,0.0,0.0,0.0,0.0,0.0,0.0,0.0,0.0,0.0,1.4523809523809523,1.0714285714285714,1.3095238095238095,0.0,0,1.2142857142857142,1.2380952380952381,1.0238095238095237,0.8809523809523809,0.9761904761904762,0.0,0.0,0.0,0.0,0.0,0.0,0.0,0.0,0.0,0,0.0,1.4047619047619047,0.0,0.0,0.0,0.0,1.3333333333333333,0.0,0.0,0.0,0.0,0.7857142857142857,0,0.0,0,0.0,0,1.3571428571428572,1.5,0.0,0,0.0,0.0,0.0,0.0,0.0,0.0,0.0,0.0,1.0952380952380953,0.0,1.1428571428571428,0.0,1.1904761904761905,0.0,0.0,0,0.0,0.0,0,0.0,0.0,0.0,0.0,0.0,0.0,0.0,0.0,0,0.0,0.0,0.0,1.119047619047619,0,0.0,0.0,0.0,0,0.0,0,0,0,0.0,0.0,0.9285714285714286,0.0,0,0,0,0,0,0,0,0,0,0.0,0,0,0,31
73,73,1.5,1.1666666666666667,0.0,1.3571428571428572,0.0,1.1428571428571428,1.4523809523809523,1.2857142857142858,0.0,0.0,0.0,0.0,0.0,0.0,0.0,0.0,0.0,1.380952380952381,0.0,1.4047619047619047,0.0,0.0,0.0,0.0,0.0,1.3095238095238095,0.0,0.0,1.2619047619047619,0.0,1.2142857142857142,0.0,0.0,0.0,0.0,0.0,0.0,0.0,0.0,0.0,0.0,0.0,0.0,0.0,0.0,1.4761904761904763,0.0,0.0,0.0,0.0,1.2380952380952381,1.0714285714285714,0.0,0.0,0,0.0,0.0,0.0,0.0,0.0,0.0,0.0,0.0,0.0,0,0.0,0.0,0.0,0.0,0.0,0.0,0.0,0.0,0.0,0.0,0.0,0.0,0.0,0.0,0.0,0.0,0,0.0,0.0,0.0,0.0,0.0,0.0,0.0,0.0,0.0,0.0,0.0,0.0,1.4285714285714286,0.0,0,0.0,0.0,0.0,0.0,0.0,0.0,0.0,0.0,0.0,1.0952380952380953,0.0,1.119047619047619,0,0.0,0,0.0,0,0.0,0.0,0.0,0,0.0,0.0,0.0,0.0,0.0,0.0,0.0,0.0,0.0,0.0,0.0,0.0,0.0,0.0,0.0,0,0.0,0.0,0,0.0,0.0,0.0,0.0,0.0,1.1904761904761905,0.0,0.0,0,0.0,0.0,0.0,0.0,0,0.0,0.0,0.0,0,0.0,0,0,0,1.3333333333333333,0.0,0.0,0.0,0,0,0,0,0,0,0,0,0,0.0,0,0,0,19
74,74,1.2142857142857142,0.0,0.0,0.0,0.0,0.0,1.3095238095238095,0.0,0.0,0.0,0.0,0.0,0.0,0.0,0.0,0.0,0.0,0.0,0.0,0.0,0.0,0.0,1.5,0.0,0.0,0.0,0.0,0.0,0.0,0.0,0.0,0.0,0.0,0.0,0.0,0.0,1.1904761904761905,0.0,0.0,0.0,0.0,0.0,0.0,0.0,1.3333333333333333,0.0,0.0,0.0,0.0,0.0,0.0,0.0,0.0,0.0,0,0.0,0.0,0.0,0.0,1.2619047619047619,0.0,1.4047619047619047,0.0,0.0,0,0.0,0.0,0.0,0.0,0.0,0.0,0.0,0.0,0.0,0.0,0.0,0.0,0.0,0.0,0.0,0.0,0,0.0,0.0,0.0,0.0,0.0,0.0,0.0,0.0,0.0,0.0,1.2857142857142858,0.0,0.0,0.0,0,0.0,0.0,0.0,1.4285714285714286,1.4523809523809523,0.0,0.0,0.0,0.0,0.0,0.0,1.2380952380952381,0,0.0,0,1.3571428571428572,0,0.0,0.0,0.0,0,1.1666666666666667,0.0,1.4761904761904763,0.0,0.0,0.0,0.0,0.0,0.0,0.0,0.0,0.0,0.0,0.0,0.0,0,0.0,1.380952380952381,0,0.0,0.0,0.0,0.0,0.0,0.0,0.0,0.0,0,0.0,0.0,0.0,0.0,0,0.0,0.0,0.0,0,0.0,0,0,0,0.0,0.0,0.0,0.0,0,0,0,0,0,0,0,0,0,0.0,0,0,0,15
75,75,0.0,0.0,0.0,1.4761904761904763,0.0,1.0952380952380953,0.0,0.0,0.0,0.0,1.2857142857142858,0.0,0.0,0.0,0.0,0.0,1.380952380952381,0.0,0.0,1.2380952380952381,0.0,0.0,0.0,0.0,0.0,0.0,1.2619047619047619,1.4047619047619047,0.0,0.0,1.0714285714285714,0.0,0.0,1.3095238095238095,0.0,0.0,0.0,0.0,0.0,0.0,0.0,0.0,0.0,0.0,0.0,0.0,0.0,0.0,0.0,0.0,1.5,1.1666666666666667,0.0,0.0,0,0.0,0.0,0.0,0.0,0.0,0.0,0.0,0.0,0.0,0,0.0,0.0,0.0,0.0,0.0,0.0,0.0,0.0,0.0,0.0,1.4523809523809523,0.0,0.0,0.0,1.3571428571428572,1.1428571428571428,0,0.0,0.0,0.0,1.2142857142857142,1.119047619047619,0.0,0.0,0.0,0.0,0.0,0.0,0.0,0.0,0.0,0,0.0,0.0,0.0,0.0,0.0,0.0,1.3333333333333333,0.0,0.0,0.0,0.0,0.0,0,0.0,0,0.0,0,0.0,1.4285714285714286,0.0,0,0.0,0.0,0.0,0.0,0.0,0.0,0.0,0.0,1.1904761904761905,0.0,0.0,0.0,0.0,0.0,0.0,0,0.0,0.0,0,0.0,0.0,0.0,0.0,0.0,0.0,0.0,0.0,0,0.0,0.0,0.0,0.0,0,0.0,0.0,0.0,0,0.0,0,0,0,0.0,0.0,0.0,0.0,0,0,0,0,0,0,0,0,0,0.0,0,0,0,19
76,76,0.0,0.0,1.3333333333333333,1.2619047619047619,0.0,0.0,1.4523809523809523,0.0,0.0,0.0,0.0,0.0,0.0,0.0,0.0,0.0,0.0,0.0,1.2857142857142858,0.0,0.0,0.0,1.2380952380952381,0.0,0.0,1.4285714285714286,0.0,0.0,0.0,0.0,1.3571428571428572,0.0,1.380952380952381,0.0,0.0,1.1904761904761905,0.0,0.0,0.0,1.3095238095238095,0.0,0.0,0.0,0.0,0.0,0.0,0.0,0.0,0.0,0.0,0.0,0.0,0.0,1.4761904761904763,0,0.0,0.0,0.0,0.0,1.5,0.0,0.0,0.0,0.0,0,0.0,0.0,0.0,0.0,0.0,0.0,0.0,0.0,0.0,0.0,0.0,0.0,1.4047619047619047,0.0,0.0,0.0,0,0.0,0.0,0.0,0.0,0.0,0.0,0.0,0.0,1.2142857142857142,0.0,0.0,0.0,0.0,0.0,0,0.0,0.0,0.0,0.0,0.0,0.0,0.0,0.0,0.0,0.0,0.0,0.0,0,0.0,0,0.0,0,0.0,0.0,0.0,0,0.0,0.0,0.0,0.0,0.0,0.0,0.0,0.0,0.0,0.0,0.0,0.0,0.0,0.0,0.0,0,0.0,0.0,0,0.0,0.0,0.0,0.0,0.0,0.0,0.0,0.0,0,0.0,0.0,0.0,0.0,0,0.0,0.0,0.0,0,0.0,0,0,0,0.0,0.0,0.0,0.0,0,0,0,0,0,0,0,0,0,0.0,0,0,0,14
77,77,0.0,0.0,0.0,0.0,0.0,0.0,0.0,0.0,0.0,0.0,0.0,0.0,0.0,0.0,0.0,0.0,0.0,0.0,0.0,0.0,0.0,0.0,0.0,0.0,0.0,0.0,0.0,0.0,0.0,0.0,0.0,0.0,0.0,0.0,0.0,0.0,0.0,0.0,0.0,0.0,0.0,0.0,0.0,0.0,0.0,0.0,0.0,0.0,0.0,0.0,0.0,0.0,0.0,0.0,0,0.0,0.0,0.0,0.0,0.0,0.0,0.0,0.0,0.0,0,0.0,0.0,0.0,0.0,0.0,0.0,0.0,0.0,0.0,0.0,0.0,0.0,0.0,0.0,0.0,0.0,0,0.0,0.0,0.0,0.0,0.0,0.0,0.0,0.0,0.0,0.0,0.0,0.0,0.0,0.0,0,0.0,0.0,0.0,0.0,0.0,0.0,0.0,0.0,0.0,0.0,0.0,0.0,0,0.0,0,0.0,0,0.0,0.0,0.0,0,0.0,0.0,0.0,0.0,0.0,0.0,0.0,0.0,0.0,0.0,0.0,0.0,0.0,0.0,0.0,0,0.0,0.0,0,0.0,0.0,0.0,0.0,0.0,0.0,0.0,0.0,0,0.0,0.0,0.0,0.0,0,0.0,0.0,0.0,0,0.0,0,0,0,0.0,0.0,0.0,0.0,0,0,0,0,0,0,0,0,0,0.0,0,0,0,0
78,78,1.4761904761904763,0.0,0.0,1.3333333333333333,1.1666666666666667,0.0,1.4285714285714286,1.1904761904761905,1.2380952380952381,0.0,0.0,0.0,0.0,0.0,0.0,1.1428571428571428,0.0,0.0,0.0,0.0,0.0,0.0,0.0,0.0,0.0,1.4523809523809523,0.0,0.0,1.4047619047619047,0.0,0.0,0.0,0.0,0.0,0.0,0.0,0.0,0.0,1.119047619047619,0.0,0.0,0.0,0.0,0.0,0.0,1.3571428571428572,0.0,1.380952380952381,0.0,0.0,0.0,1.2142857142857142,0.0,0.0,0,0.0,1.3095238095238095,0.0,0.0,1.5,0.0,0.0,0.0,0.0,0,0.0,0.0,0.0,0.0,0.0,0.0,0.0,0.0,0.0,0.0,0.0,0.0,0.0,0.0,0.0,0.0,0,0.0,0.0,0.0,0.0,0.0,0.0,0.0,0.0,0.0,0.0,0.0,0.0,1.2619047619047619,0.0,0,0.0,0.0,0.0,0.0,0.0,0.0,0.0,0.0,0.0,0.0,0.0,0.0,0,0.0,0,1.2857142857142858,0,0.0,0.0,0.0,0,0.0,0.0,0.0,0.0,0.0,0.0,0.0,0.0,0.0,0.0,0.0,0.0,0.0,0.0,0.0,0,0.0,0.0,0,0.0,0.0,0.0,0.0,0.0,0.0,0.0,0.0,0,0.0,0.0,0.0,0.0,0,0.0,0.0,0.0,0,0.0,0,0,0,0.0,0.0,0.0,0.0,0,0,0,0,0,0,0,0,0,0.0,0,0,0,17
79,79,1.2380952380952381,0.0,0.0,1.2142857142857142,1.0952380952380953,0.0,1.1428571428571428,0.0,0.0,0.0,0.0,0.0,0.8095238095238095,0.0,0.0,0.0,0.0,0.8809523809523809,1.380952380952381,1.3095238095238095,0.8571428571428571,0.0,0.0,1.0476190476190477,0.0,0.0,0.0,0.0,1.4285714285714286,0.0,1.4523809523809523,0.0,0.0,0.0,0.0,0.9761904761904762,1.2857142857142858,0.0,1.5,1.1666666666666667,0.0,0.0,1.4047619047619047,0.9047619047619048,0.0,1.3571428571428572,1.4761904761904763,0.0,0.0,1.3333333333333333,1.0238095238095237,0.0,1.119047619047619,0.0,0,0.0,0.0,1.0714285714285714,0.0,0.8333333333333334,0.0,0.0,0.0,0.0,0,0.0,0.0,0.0,0.0,0.0,0.0,0.0,0.0,0.0,0.0,0.0,0.0,0.0,0.0,0.0,0.0,0,0.0,0.0,0.0,0.0,0.0,0.9285714285714286,0.0,0.0,0.0,0.0,0.0,0.0,0.0,0.9523809523809523,0,0.0,0.0,0.0,0.0,0.0,0.0,0.0,0.0,0.0,1.0,0.0,1.1904761904761905,0,0.0,0,0.0,0,0.0,0.0,0.0,0,0.0,0.0,0.0,0.0,0.0,0.0,0.0,0.0,0.0,0.0,0.0,0.0,0.0,0.0,0.0,0,0.0,0.0,0,0.0,0.0,0.0,0.0,0.0,0.0,0.0,1.2619047619047619,0,0.0,0.0,0.0,0.0,0,0.0,0.0,0.0,0,0.0,0,0,0,0.0,0.0,0.0,0.0,0,0,0,0,0,0,0,0,0,0.0,0,0,0,30
80,80,0.0,0.0,0.0,0.0,0.0,0.0,1.2380952380952381,0.0,0.0,0.0,0.0,0.0,0.0,1.4523809523809523,0.0,0.0,0.0,0.0,0.0,0.0,0.0,0.0,0.0,0.0,0.0,0.0,0.0,0.0,0.0,0.0,0.0,0.0,0.0,1.3571428571428572,0.0,0.0,0.0,0.0,0.0,0.0,0.0,0.0,0.0,0.0,0.0,0.0,0.0,0.0,0.0,0.0,1.380952380952381,0.0,1.2142857142857142,0.0,0,0.0,0.0,0.0,0.0,0.0,0.0,0.0,0.0,0.0,0,0.0,0.0,0.0,0.0,0.0,0.0,0.0,0.0,0.0,0.0,1.4285714285714286,0.0,0.0,0.0,0.0,0.0,0,0.0,1.3095238095238095,0.0,0.0,0.0,0.0,0.0,0.0,0.0,0.0,0.0,0.0,1.2857142857142858,0.0,0,0.0,0.0,0.0,0.0,0.0,0.0,0.0,0.0,0.0,1.5,0.0,0.0,0,0.0,0,0.0,0,0.0,1.3333333333333333,0.0,0,0.0,0.0,0.0,0.0,0.0,0.0,0.0,0.0,0.0,0.0,1.2619047619047619,0.0,0.0,0.0,0.0,0,0.0,0.0,0,0.0,0.0,0.0,0.0,0.0,0.0,1.4761904761904763,0.0,0,0.0,0.0,1.4047619047619047,0.0,0,0.0,0.0,0.0,0,0.0,0,0,0,0.0,0.0,0.0,0.0,0,0,0,0,0,0,0,0,0,0.0,0,0,0,13
81,81,0.0,1.4761904761904763,0.0,0.0,0.0,0.0,0.0,0.0,0.0,0.0,0.0,0.0,0.0,1.1428571428571428,0.0,0.0,0.0,0.0,1.2380952380952381,0.0,0.0,0.0,0.0,1.4285714285714286,0.0,1.3333333333333333,0.0,0.0,1.2857142857142858,0.0,1.2142857142857142,0.0,0.0,0.0,0.0,0.0,0.0,0.0,0.0,0.0,1.3571428571428572,1.5,1.2619047619047619,0.0,0.0,0.0,0.0,0.0,0.0,0.0,0.0,1.4523809523809523,0.0,0.0,0,0.0,0.0,0.0,0.0,0.0,0.0,1.4047619047619047,0.0,0.0,0,0.0,0.0,0.0,0.0,0.0,0.0,0.0,0.0,1.3095238095238095,0.0,0.0,0.0,0.0,0.0,0.0,0.0,0,0.0,0.0,0.0,0.0,0.0,1.1666666666666667,0.0,0.0,0.0,0.0,0.0,0.0,0.0,0.0,0,0.0,0.0,0.0,0.0,1.1904761904761905,1.380952380952381,0.0,0.0,0.0,0.0,0.0,0.0,0,0.0,0,0.0,0,0.0,0.0,0.0,0,0.0,0.0,0.0,0.0,0.0,0.0,0.0,0.0,0.0,0.0,0.0,0.0,0.0,0.0,0.0,0,0.0,0.0,0,0.0,0.0,0.0,0.0,0.0,0.0,0.0,0.0,0,0.0,0.0,0.0,0.0,0,0.0,0.0,0.0,0,0.0,0,0,0,0.0,0.0,0.0,0.0,0,0,0,0,0,0,0,0,0,0.0,0,0,0,16
82,82,0.0,0.0,0.0,1.4285714285714286,0.0,0.0,0.0,0.0,0.0,0.0,0.0,0.0,0.0,0.0,0.0,0.0,1.4523809523809523,0.0,0.0,0.0,0.0,0.0,0.0,0.0,0.0,1.3571428571428572,0.0,0.0,0.0,0.0,0.0,0.0,0.0,0.0,0.0,0.0,0.0,0.0,0.0,0.0,0.0,0.0,0.0,0.0,0.0,0.0,0.0,0.0,0.0,0.0,0.0,0.0,0.0,0.0,0,1.2142857142857142,0.0,1.2380952380952381,0.0,0.0,0.0,0.0,0.0,0.0,0,0.0,0.0,0.0,0.0,0.0,0.0,0.0,0.0,1.3333333333333333,0.0,1.5,0.0,0.0,1.2857142857142858,0.0,0.0,0,0.0,1.4761904761904763,0.0,1.4047619047619047,0.0,0.0,0.0,0.0,0.0,0.0,0.0,0.0,0.0,0.0,0,1.380952380952381,0.0,0.0,0.0,0.0,0.0,1.2619047619047619,0.0,0.0,0.0,0.0,0.0,0,0.0,0,0.0,0,0.0,0.0,0.0,0,0.0,0.0,0.0,1.3095238095238095,0.0,0.0,0.0,0.0,0.0,0.0,0.0,0.0,0.0,0.0,0.0,0,0.0,0.0,0,0.0,0.0,0.0,0.0,0.0,0.0,0.0,0.0,0,0.0,0.0,0.0,0.0,0,0.0,0.0,0.0,0,0.0,0,0,0,0.0,0.0,0.0,0.0,0,0,0,0,0,0,0,0,0,0.0,0,0,0,13
83,83,1.4761904761904763,0.0,0.0,1.3571428571428572,0.0,1.0952380952380953,0.0,1.5,0.0,0.0,0.0,0.0,1.3095238095238095,0.0,0.0,0.0,1.1428571428571428,0.0,0.0,0.0,1.1904761904761905,0.0,0.0,0.0,1.1666666666666667,1.2142857142857142,0.0,0.0,1.2619047619047619,0.0,0.0,0.0,0.0,0.0,0.0,0.0,0.0,0.0,0.0,0.0,0.0,0.0,0.0,0.0,0.0,1.2857142857142858,0.0,0.0,0.0,0.0,0.0,1.4523809523809523,0.0,0.0,0,0.0,1.4047619047619047,1.4285714285714286,0.0,0.0,0.0,0.0,0.0,0.0,0,0.0,1.2380952380952381,0.0,0.0,0.0,0.0,0.0,0.0,0.0,0.0,0.0,0.0,0.0,0.0,0.0,0.0,0,0.0,0.0,0.0,0.0,0.0,0.0,0.0,0.0,0.0,0.0,0.0,0.0,0.0,0.0,0,0.0,0.0,0.0,0.0,0.0,0.0,0.0,1.380952380952381,0.0,0.0,0.0,0.0,0,0.0,0,0.0,0,0.0,0.0,0.0,0,0.0,0.0,0.0,0.0,0.0,1.3333333333333333,0.0,1.119047619047619,0.0,0.0,0.0,0.0,0.0,0.0,0.0,0,0.0,0.0,0,0.0,0.0,1.0714285714285714,0.0,0.0,0.0,0.0,0.0,0,0.0,0.0,0.0,0.0,0,0.0,0.0,0.0,0,0.0,0,0,0,0.0,0.0,0.0,0.0,0,0,0,0,0,0,0,0,0,0.0,0,0,0,19
84,84,0.0,1.4523809523809523,0.0,1.4047619047619047,0.0,1.4285714285714286,0.0,1.2619047619047619,0.0,1.1904761904761905,1.5,0.0,1.3571428571428572,0.0,0.0,0.0,0.0,0.0,1.380952380952381,0.0,0.0,0.0,0.0,0.0,0.0,1.1428571428571428,0.0,0.0,0.0,0.0,0.0,0.0,0.0,0.0,0.0,0.0,0.0,0.0,0.0,0.0,0.0,0.0,0.0,0.0,0.0,0.0,0.0,0.0,0.0,0.0,1.2857142857142858,0.0,0.0,0.0,0,1.2142857142857142,0.0,0.0,0.0,0.0,0.0,0.0,0.0,0.0,0,0.0,0.0,0.0,0.0,0.0,0.0,0.0,0.0,0.0,0.0,1.4761904761904763,0.0,0.0,0.0,0.0,0.0,0,0.0,1.3333333333333333,0.0,0.0,0.0,0.0,1.1666666666666667,0.0,0.0,0.0,0.0,0.0,0.0,0.0,0,0.0,0.0,0.0,0.0,0.0,0.0,0.0,0.0,0.0,1.3095238095238095,0.0,0.0,0,0.0,0,0.0,0,0.0,0.0,0.0,0,0.0,0.0,0.0,0.0,0.0,0.0,0.0,0.0,0.0,0.0,0.0,1.2380952380952381,0.0,0.0,0.0,0,0.0,0.0,0,0.0,0.0,0.0,0.0,0.0,0.0,0.0,0.0,0,0.0,0.0,0.0,0.0,0,0.0,0.0,0.0,0,0.0,0,0,0,0.0,0.0,0.0,0.0,0,0,0,0,0,0,0,0,0,0.0,0,0,0,16
85,85,0.0,0.0,0.0,0.0,0.0,0.0,0.0,0.0,0.0,0.0,0.0,0.0,0.0,0.0,0.0,0.0,0.0,0.0,0.0,0.0,0.0,0.0,0.0,0.0,0.0,0.0,0.0,0.0,0.0,0.0,0.0,0.0,0.0,0.0,0.0,0.0,0.0,0.0,0.0,0.0,0.0,0.0,0.0,0.0,0.0,0.0,0.0,0.0,0.0,0.0,0.0,0.0,0.0,0.0,0,0.0,0.0,0.0,0.0,0.0,0.0,0.0,0.0,0.0,0,0.0,0.0,0.0,0.0,0.0,0.0,0.0,0.0,0.0,0.0,0.0,0.0,0.0,0.0,0.0,0.0,0,0.0,0.0,0.0,0.0,0.0,0.0,0.0,0.0,0.0,0.0,0.0,0.0,0.0,0.0,0,0.0,0.0,0.0,0.0,0.0,0.0,0.0,0.0,0.0,0.0,0.0,0.0,0,0.0,0,0.0,0,0.0,0.0,0.0,0,0.0,0.0,0.0,0.0,0.0,0.0,0.0,0.0,0.0,0.0,0.0,0.0,0.0,0.0,0.0,0,0.0,0.0,0,0.0,0.0,0.0,0.0,0.0,0.0,0.0,0.0,0,0.0,0.0,0.0,0.0,0,0.0,0.0,0.0,0,0.0,0,0,0,0.0,0.0,0.0,0.0,0,0,0,0,0,0,0,0,0,0.0,0,0,0,0
86,86,0.0,0.0,0.0,1.4523809523809523,0.0,0.0,0.0,0.0,0.0,0.0,0.0,0.0,0.0,0.0,0.0,1.4047619047619047,1.5,0.0,0.0,0.0,0.0,0.0,0.0,0.0,0.0,0.0,0.0,1.3571428571428572,1.3333333333333333,0.0,0.0,0.0,0.0,1.3095238095238095,0.0,0.0,0.0,0.0,0.0,0.0,0.0,0.0,0.0,0.0,0.0,0.0,0.0,0.0,0.0,0.0,0.0,1.380952380952381,0.0,0.0,0,0.0,0.0,0.0,0.0,0.0,0.0,0.0,0.0,0.0,0,0.0,1.4761904761904763,0.0,0.0,0.0,0.0,0.0,0.0,0.0,0.0,0.0,0.0,0.0,0.0,0.0,0.0,0,0.0,1.4285714285714286,0.0,0.0,0.0,0.0,0.0,0.0,0.0,0.0,0.0,0.0,0.0,0.0,0,0.0,0.0,0.0,0.0,0.0,0.0,0.0,0.0,0.0,0.0,0.0,0.0,0,0.0,0,0.0,0,0.0,0.0,0.0,0,0.0,0.0,0.0,0.0,0.0,0.0,0.0,0.0,0.0,0.0,0.0,0.0,0.0,0.0,0.0,0,0.0,0.0,0,0.0,0.0,0.0,0.0,0.0,0.0,0.0,0.0,0,0.0,0.0,0.0,0.0,0,0.0,0.0,0.0,0,0.0,0,0,0,0.0,0.0,0.0,0.0,0,0,0,0,0,0,0,0,0,0.0,0,0,0,9
87,87,0.0,0.0,0.0,1.4285714285714286,0.0,0.0,0.0,0.0,0.0,0.0,0.0,0.0,0.0,0.0,0.0,0.0,0.0,0.0,0.0,0.0,0.0,0.0,0.0,0.0,0.0,0.0,0.0,0.0,0.0,0.0,0.0,0.0,0.0,0.0,0.0,0.0,0.0,0.0,0.0,0.0,0.0,0.0,0.0,0.0,0.0,0.0,0.0,0.0,0.0,0.0,0.0,0.0,0.0,0.0,0,0.0,0.0,0.0,0.0,0.0,0.0,0.0,0.0,0.0,0,0.0,0.0,0.0,0.0,0.0,0.0,0.0,0.0,0.0,0.0,1.3095238095238095,0.0,0.0,0.0,0.0,0.0,0,0.0,1.4047619047619047,0.0,0.0,0.0,0.0,0.0,0.0,0.0,0.0,0.0,0.0,1.4761904761904763,0.0,0,0.0,0.0,0.0,0.0,0.0,0.0,1.5,0.0,0.0,1.380952380952381,0.0,0.0,0,0.0,0,0.0,0,1.3333333333333333,1.4523809523809523,0.0,0,0.0,0.0,0.0,0.0,0.0,0.0,0.0,0.0,0.0,0.0,0.0,0.0,0.0,0.0,0.0,0,0.0,0.0,0,0.0,0.0,0.0,1.3571428571428572,0.0,0.0,0.0,0.0,0,0.0,0.0,0.0,0.0,0,0.0,0.0,0.0,0,0.0,0,0,0,0.0,0.0,0.0,0.0,0,0,0,0,0,0,0,0,0,0.0,0,0,0,9
88,88,0.0,0.0,0.0,1.2619047619047619,0.0,0.0,1.4523809523809523,0.0,0.0,0.0,0.0,0.0,0.0,0.0,0.0,0.0,0.0,0.0,1.2857142857142858,0.0,0.0,0.0,1.4285714285714286,1.1428571428571428,0.0,0.0,0.0,0.0,0.0,0.0,0.0,0.0,1.4047619047619047,1.3571428571428572,0.0,0.0,0.0,0.0,0.0,0.0,1.3095238095238095,1.4761904761904763,0.0,1.1904761904761905,0.0,0.0,0.0,0.0,0.0,0.0,0.0,0.0,0.0,0.0,0,0.0,0.0,0.0,0.0,0.0,0.0,1.2142857142857142,0.0,0.0,0,0.0,1.3333333333333333,0.0,0.0,1.2380952380952381,0.0,0.0,0.0,0.0,0.0,1.1666666666666667,0.0,0.0,0.0,0.0,0.0,0,0.0,0.0,0.0,0.0,0.0,0.0,0.0,0.0,0.0,0.0,0.0,0.0,0.0,0.0,0,0.0,0.0,0.0,0.0,0.0,0.0,0.0,0.0,0.0,0.0,0.0,0.0,0,0.0,0,0.0,0,0.0,0.0,0.0,0,0.0,0.0,0.0,0.0,0.0,0.0,0.0,0.0,0.0,0.0,0.0,0.0,0.0,0.0,0.0,0,0.0,0.0,0,0.0,0.0,0.0,0.0,0.0,0.0,0.0,0.0,0,1.5,0.0,0.0,0.0,0,0.0,1.380952380952381,0.0,0,0.0,0,0,0,0.0,0.0,0.0,0.0,0,0,0,0,0,0,0,0,0,0.0,0,0,0,16
89,89,0.0,0.0,0.0,1.4285714285714286,0.0,0.0,1.2380952380952381,0.0,0.0,0.0,0.0,0.0,0.0,0.0,0.0,0.0,0.0,1.4047619047619047,0.0,1.3333333333333333,0.0,0.0,0.0,0.0,0.0,1.4523809523809523,0.0,0.0,0.0,0.0,0.0,0.0,0.0,0.0,0.0,0.0,0.0,0.0,0.0,0.0,0.0,0.0,0.0,0.0,0.0,0.0,0.0,0.0,0.0,0.0,0.0,0.0,0.0,0.0,0,0.0,0.0,0.0,0.0,0.0,0.0,0.0,0.0,0.0,0,0.0,0.0,0.0,0.0,0.0,0.0,0.0,0.0,0.0,0.0,1.2619047619047619,0.0,0.0,0.0,0.0,0.0,0,0.0,0.0,0.0,0.0,0.0,0.0,0.0,0.0,0.0,1.2857142857142858,0.0,0.0,0.0,0.0,0,0.0,0.0,0.0,0.0,1.4761904761904763,0.0,0.0,0.0,0.0,1.380952380952381,0.0,1.2142857142857142,0,0.0,0,0.0,0,0.0,0.0,0.0,0,0.0,0.0,0.0,0.0,0.0,0.0,0.0,0.0,0.0,0.0,0.0,0.0,0.0,0.0,0.0,0,0.0,0.0,0,1.3571428571428572,0.0,0.0,0.0,0.0,0.0,0.0,1.3095238095238095,0,0.0,0.0,0.0,0.0,0,0.0,0.0,0.0,0,0.0,0,0,0,1.5,0.0,0.0,0.0,0,0,0,0,0,0,0,0,0,0.0,0,0,0,13
90,90,0.0,0.0,0.0,1.2619047619047619,1.4285714285714286,0.0,0.0,0.0,0.0,1.3095238095238095,0.0,0.0,0.0,0.0,0.0,0.0,0.0,0.0,0.0,0.0,0.0,0.0,0.0,0.0,0.0,0.0,1.4523809523809523,0.0,0.0,0.0,0.0,0.0,0.0,0.0,0.0,0.0,0.0,1.380952380952381,0.0,0.0,0.0,0.0,0.0,0.0,0.0,0.0,0.0,0.0,0.0,0.0,1.4047619047619047,0.0,0.0,0.0,0,0.0,0.0,0.0,0.0,0.0,0.0,0.0,0.0,0.0,0,0.0,0.0,0.0,0.0,0.0,0.0,0.0,0.0,0.0,0.0,0.0,0.0,0.0,1.3571428571428572,0.0,0.0,0,0.0,0.0,1.2857142857142858,0.0,0.0,0.0,0.0,0.0,0.0,0.0,0.0,0.0,1.5,0.0,0,0.0,0.0,0.0,0.0,0.0,0.0,0.0,0.0,0.0,0.0,0.0,0.0,0,0.0,0,0.0,0,1.2380952380952381,0.0,0.0,0,0.0,0.0,0.0,0.0,0.0,0.0,0.0,0.0,1.4761904761904763,1.2142857142857142,0.0,0.0,0.0,0.0,0.0,0,0.0,0.0,0,0.0,0.0,0.0,0.0,0.0,1.3333333333333333,0.0,0.0,0,0.0,0.0,0.0,0.0,0,0.0,0.0,0.0,0,0.0,0,0,0,0.0,0.0,0.0,0.0,0,0,0,0,0,0,0,0,0,0.0,0,0,0,13
91,91,1.2142857142857142,0.0,0.0,1.4523809523809523,0.0,0.0,0.0,0.0,0.0,0.0,0.0,0.0,0.0,0.0,0.0,0.0,0.0,0.0,1.4761904761904763,0.0,1.3571428571428572,0.0,0.0,0.0,1.4047619047619047,1.1428571428571428,0.0,0.0,1.4285714285714286,0.0,0.0,0.0,1.2857142857142858,0.0,0.0,0.0,0.0,0.0,0.0,0.0,0.0,0.0,0.0,0.0,0.0,0.0,0.0,0.0,0.0,0.0,0.0,0.0,0.0,0.0,0,0.0,0.0,1.2380952380952381,0.0,1.3333333333333333,0.0,1.380952380952381,0.0,0.0,0,1.2619047619047619,1.3095238095238095,0.0,0.0,0.0,0.0,0.0,0.0,0.0,0.0,0.0,0.0,0.0,0.0,0.0,0.0,0,0.0,0.0,0.0,0.0,0.0,0.0,0.0,0.0,0.0,0.0,0.0,0.0,0.0,1.1904761904761905,0,0.0,0.0,0.0,0.0,0.0,0.0,0.0,0.0,0.0,0.0,0.0,0.0,0,0.0,0,0.0,0,0.0,0.0,0.0,0,1.1666666666666667,0.0,1.5,0.0,0.0,0.0,0.0,0.0,0.0,0.0,0.0,0.0,0.0,0.0,0.0,0,0.0,0.0,0,0.0,1.119047619047619,0.0,0.0,0.0,0.0,0.0,0.0,0,0.0,0.0,0.0,0.0,0,0.0,0.0,0.0,0,0.0,0,0,0,0.0,0.0,0.0,0.0,0,0,0,0,0,0,0,0,0,0.0,0,0,0,17
92,92,0.0,0.0,0.0,1.2857142857142858,0.0,0.0,0.9285714285714286,0.0,0.0,1.0476190476190477,0.0,0.0,0.0,0.0,0.0,0.0,0.0,0.0,0.9047619047619048,0.0,0.0,0.0,0.0,0.0,0.0,0.0,0.0,0.0,0.0,0.0,1.0,0.0,0.0,1.1428571428571428,0.0,0.0,0.0,0.0,0.0,0.0,0.0,0.0,0.0,0.9761904761904762,0.0,0.0,0.0,0.0,0.0,0.0,1.2380952380952381,0.0,0.0,0.0,0,0.0,0.0,0.0,0.0,0.0,0.0,0.0,0.0,1.0952380952380953,0,0.0,0.0,0.0,0.0,0.0,0.0,0.0,0.0,0.0,0.0,0.0,0.0,0.0,0.0,0.0,1.5,0,1.3333333333333333,1.119047619047619,1.4285714285714286,0.9523809523809523,0.0,0.0,0.0,0.0,0.0,0.0,0.0,0.0,1.380952380952381,0.0,0,0.0,1.1666666666666667,0.0,0.0,0.0,0.0,1.3095238095238095,0.0,0.0,1.3571428571428572,0.0,0.0,0,0.0,0,0.0,0,1.2142857142857142,1.4523809523809523,0.0,0,0.0,0.0,0.0,0.0,0.0,0.0,0.0,0.0,1.4761904761904763,0.0,1.2619047619047619,0.0,0.0,0.0,0.0,0,0.0,0.0,0,1.0238095238095237,0.0,0.0,1.4047619047619047,0.0,0.0,0.0,0.0,0,0.0,0.0,1.0714285714285714,1.1904761904761905,0,0.0,0.0,0.0,0,0.0,0,0,0,0.0,0.0,0.0,0.0,0,0,0,0,0,0,0,0,0,0.0,0,0,0,26
93,93,1.4523809523809523,0.0,0.0,1.3571428571428572,1.2619047619047619,1.1428571428571428,0.0,1.5,0.0,1.1904761904761905,1.380952380952381,1.4047619047619047,0.0,0.0,0.0,0.0,0.0,0.0,1.1666666666666667,0.0,1.2142857142857142,0.0,0.0,0.0,1.2857142857142858,1.4285714285714286,0.0,0.0,1.0952380952380953,0.0,0.0,0.0,0.0,0.0,0.0,0.0,0.0,0.0,0.0,0.0,0.0,0.0,0.0,0.0,0.0,1.3333333333333333,0.0,0.0,0.0,0.0,1.2380952380952381,1.0476190476190477,0.0,0.0,0,0.0,0.0,0.0,0.0,0.0,0.0,0.0,0.0,0.0,0,0.0,0.0,0.0,0.0,0.0,0.0,0.0,0.0,0.0,0.0,0.0,0.0,0.0,0.0,0.0,0.0,0,0.0,1.0714285714285714,1.3095238095238095,0.0,0.0,0.0,0.0,0.0,0.0,0.0,0.0,0.0,0.0,0.0,0,0.0,0.0,0.0,0.0,0.0,0.0,0.0,0.0,0.0,0.0,0.0,0.0,0,0.0,0,0.0,0,0.0,0.0,0.0,0,0.0,0.0,0.0,0.0,0.0,1.4761904761904763,0.0,0.0,0.0,0.0,0.0,1.119047619047619,0.0,0.0,0.0,0,0.0,0.0,0,0.0,0.0,0.0,0.0,0.0,0.0,0.0,0.0,0,0.0,0.0,0.0,0.0,0,0.0,0.0,0.0,0,0.0,0,0,0,0.0,0.0,0.0,0.0,0,0,0,0,0,0,0,0,0,0.0,0,0,0,20
94,94,1.4523809523809523,1.0,0.0,1.3095238095238095,1.2619047619047619,0.0,0.0,1.5,0.0,1.0952380952380953,1.4047619047619047,1.3571428571428572,0.0,0.0,0.0,0.0,0.0,0.0,1.119047619047619,0.0,0.0,0.0,0.0,0.0,0.0,1.0476190476190477,0.0,0.0,1.2380952380952381,0.0,0.0,0.0,0.0,0.0,1.0238095238095237,0.0,0.0,0.0,0.0,0.0,0.0,0.0,0.0,0.0,0.0,1.4285714285714286,0.0,0.0,0.0,0.0,1.3333333333333333,1.0714285714285714,0.0,0.0,0,0.0,0.0,0.0,0.0,0.0,0.0,0.0,0.0,0.0,0,0.0,0.0,0.0,1.1904761904761905,0.0,0.0,0.0,0.0,0.0,0.0,0.0,0.0,0.0,0.0,0.0,0.0,0,0.0,1.1666666666666667,0.0,0.0,0.0,0.0,1.2142857142857142,0.0,0.0,0.0,0.0,0.0,1.1428571428571428,0.0,0,0.0,0.0,0.0,0.0,0.0,1.4761904761904763,0.0,0.0,0.0,0.0,0.0,0.0,0,0.0,0,0.0,0,0.0,0.0,0.0,0,0.0,0.0,0.0,0.0,0.0,1.2857142857142858,0.0,0.0,0.0,0.0,0.0,0.0,0.0,0.0,0.0,0,0.0,0.0,0,0.0,0.0,0.0,0.0,0.0,1.380952380952381,0.0,0.0,0,0.0,0.0,0.0,0.0,0,0.0,0.0,0.0,0,0.0,0,0,0,0.0,0.0,0.0,0.0,0,0,0,0,0,0,0,0,0,0.0,0,0,0,22
95,95,0.0,0.0,0.0,0.0,0.0,0.0,0.0,0.0,0.0,0.0,0.0,0.0,0.0,0.0,0.0,0.0,0.0,0.0,0.0,0.0,0.0,0.0,0.0,0.0,0.0,0.0,0.0,0.0,0.0,0.0,0.0,0.0,0.0,0.0,0.0,0.0,0.0,0.0,0.0,0.0,0.0,0.0,0.0,0.0,0.0,0.0,0.0,0.0,0.0,0.0,0.0,0.0,0.0,0.0,0,0.0,0.0,0.0,0.0,0.0,0.0,0.0,0.0,0.0,0,0.0,0.0,0.0,0.0,0.0,0.0,0.0,0.0,0.0,0.0,0.0,0.0,0.0,0.0,0.0,0.0,0,0.0,0.0,0.0,0.0,0.0,0.0,0.0,0.0,0.0,0.0,0.0,0.0,0.0,0.0,0,0.0,0.0,0.0,0.0,0.0,0.0,0.0,0.0,0.0,0.0,0.0,0.0,0,0.0,0,0.0,0,0.0,0.0,0.0,0,0.0,0.0,0.0,0.0,0.0,0.0,0.0,0.0,0.0,0.0,0.0,0.0,0.0,0.0,0.0,0,0.0,0.0,0,0.0,0.0,0.0,0.0,0.0,0.0,0.0,0.0,0,0.0,0.0,0.0,0.0,0,0.0,0.0,0.0,0,0.0,0,0,0,0.0,0.0,0.0,0.0,0,0,0,0,0,0,0,0,0,0.0,0,0,0,0
96,96,0.0,0.0,0.0,0.0,0.0,0.0,0.0,0.0,0.0,0.0,0.0,0.0,0.0,0.0,0.0,0.0,0.0,0.0,0.0,0.0,0.0,0.0,0.0,0.0,0.0,1.4285714285714286,0.0,0.0,0.0,0.0,0.0,0.0,0.0,1.380952380952381,0.0,0.0,0.0,0.0,0.0,0.0,0.0,1.4761904761904763,0.0,0.0,0.0,0.0,0.0,0.0,0.0,0.0,0.0,0.0,0.0,0.0,0,0.0,0.0,0.0,0.0,0.0,0.0,0.0,0.0,0.0,0,0.0,1.4047619047619047,0.0,0.0,0.0,0.0,0.0,0.0,0.0,0.0,0.0,0.0,0.0,0.0,0.0,0.0,0,0.0,0.0,0.0,0.0,0.0,0.0,0.0,0.0,0.0,0.0,0.0,0.0,0.0,0.0,0,0.0,0.0,0.0,1.5,0.0,1.4523809523809523,0.0,0.0,0.0,0.0,0.0,0.0,0,0.0,0,0.0,0,0.0,0.0,0.0,0,0.0,0.0,0.0,0.0,0.0,0.0,0.0,0.0,0.0,0.0,0.0,0.0,0.0,0.0,0.0,0,0.0,0.0,0,0.0,0.0,0.0,0.0,0.0,0.0,0.0,0.0,0,0.0,0.0,0.0,0.0,0,0.0,0.0,0.0,0,0.0,0,0,0,0.0,0.0,0.0,0.0,0,0,0,0,0,0,0,0,0,0.0,0,0,0,6
97,97,0.0,0.0,0.0,0.0,0.0,0.0,0.0,0.0,0.0,0.0,0.0,0.0,0.0,0.0,0.0,0.0,0.0,0.0,0.0,0.0,0.0,0.0,0.0,0.0,0.0,0.0,0.0,0.0,0.0,0.0,0.0,0.0,0.0,0.0,0.0,0.0,0.0,0.0,0.0,0.0,0.0,0.0,0.0,0.0,0.0,0.0,0.0,0.0,0.0,0.0,0.0,0.0,0.0,0.0,0,0.0,0.0,0.0,0.0,0.0,0.0,0.0,0.0,0.0,0,0.0,0.0,0.0,0.0,0.0,0.0,0.0,0.0,0.0,0.0,0.0,0.0,0.0,0.0,0.0,0.0,0,0.0,0.0,0.0,0.0,0.0,0.0,0.0,0.0,0.0,0.0,0.0,0.0,0.0,0.0,0,0.0,0.0,0.0,0.0,0.0,0.0,0.0,0.0,0.0,0.0,0.0,0.0,0,0.0,0,0.0,0,0.0,0.0,0.0,0,0.0,0.0,0.0,0.0,0.0,0.0,0.0,0.0,0.0,0.0,0.0,0.0,0.0,0.0,0.0,0,0.0,0.0,0,0.0,0.0,0.0,0.0,0.0,0.0,0.0,0.0,0,0.0,0.0,0.0,0.0,0,0.0,0.0,0.0,0,0.0,0,0,0,0.0,0.0,0.0,0.0,0,0,0,0,0,0,0,0,0,0.0,0,0,0,0
98,98,0.0,0.0,0.0,1.4047619047619047,0.0,0.0,0.0,0.0,0.0,0.0,0.0,0.0,0.0,1.3095238095238095,0.0,0.0,0.0,0.0,0.0,0.0,0.0,0.0,1.4523809523809523,0.0,0.0,0.0,0.0,0.0,0.0,0.0,0.0,0.0,0.0,0.0,0.0,0.0,0.0,0.0,0.0,0.0,1.4285714285714286,0.0,0.0,0.0,0.0,0.0,0.0,0.0,0.0,0.0,0.0,0.0,0.0,0.0,0,0.0,0.0,0.0,0.0,0.0,0.0,0.0,0.0,0.0,0,0.0,0.0,0.0,0.0,0.0,0.0,0.0,0.0,0.0,0.0,1.380952380952381,0.0,0.0,0.0,0.0,0.0,0,0.0,0.0,0.0,0.0,0.0,0.0,0.0,0.0,0.0,0.0,1.4761904761904763,0.0,0.0,0.0,0,0.0,0.0,0.0,0.0,0.0,0.0,0.0,0.0,0.0,1.5,0.0,0.0,0,0.0,0,0.0,0,0.0,1.3333333333333333,0.0,0,0.0,0.0,0.0,0.0,0.0,0.0,0.0,0.0,0.0,0.0,0.0,0.0,0.0,0.0,0.0,0,0.0,0.0,0,0.0,0.0,0.0,0.0,0.0,0.0,1.3571428571428572,0.0,0,0.0,0.0,0.0,0.0,0,0.0,0.0,0.0,0,0.0,0,0,0,0.0,0.0,0.0,0.0,0,0,0,0,0,0,0,0,0,0.0,0,0,0,9
99,99,0.0,1.1666666666666667,0.0,1.4761904761904763,0.0,1.3571428571428572,0.0,0.0,0.0,0.0,1.4285714285714286,0.0,0.0,0.0,0.0,0.0,0.0,0.0,1.1904761904761905,0.0,0.0,0.0,1.4047619047619047,1.2857142857142858,0.0,0.0,0.0,0.0,0.0,0.0,1.2619047619047619,0.0,0.0,1.3333333333333333,0.0,0.0,0.0,0.0,0.0,0.0,0.0,0.0,0.0,1.2142857142857142,0.0,1.3095238095238095,0.0,0.0,0.0,0.0,1.380952380952381,0.0,0.0,0.0,0,0.0,0.0,0.0,0.0,0.0,0.0,0.0,0.0,0.0,0,0.0,0.0,0.0,0.0,0.0,0.0,0.0,0.0,0.0,0.0,1.4523809523809523,0.0,0.0,0.0,0.0,0.0,0,0.0,0.0,0.0,0.0,0.0,0.0,0.0,0.0,0.0,0.0,0.0,0.0,0.0,0.0,0,0.0,1.2380952380952381,0.0,0.0,0.0,0.0,0.0,0.0,0.0,1.5,0.0,0.0,0,0.0,0,0.0,0,0.0,0.0,0.0,0,0.0,0.0,0.0,0.0,0.0,0.0,0.0,0.0,0.0,0.0,0.0,0.0,0.0,0.0,0.0,0,0.0,0.0,0,0.0,0.0,0.0,0.0,0.0,0.0,0.0,0.0,0,0.0,0.0,0.0,0.0,0,0.0,0.0,0.0,0,0.0,0,0,0,0.0,0.0,0.0,0.0,0,0,0,0,0,0,0,0,0,0.0,0,0,0,15
100,0,0.0,0.0,0.0,1.4047619047619047,0.0,0.0,1.4285714285714286,0.0,0.0,0.0,0.0,0.0,0.0,0.0,0.0,0.0,0.0,1.0952380952380953,1.380952380952381,0.0,0.0,0.0,0.0,0.0,0.0,1.2380952380952381,0.0,0.0,0.0,0.0,0.0,0.0,1.3571428571428572,0.0,0.0,0.0,0.0,0.0,0.0,1.1666666666666667,0.0,1.4761904761904763,0.0,1.5,0.0,0.0,0.0,0.0,0.0,0.0,0.0,0.0,0.0,1.3095238095238095,0,0.0,0.0,0.0,0.0,0.0,0.0,1.2857142857142858,0.0,0.0,0,1.2142857142857142,0.0,0.0,1.2619047619047619,1.3333333333333333,0.0,1.1428571428571428,0.0,1.1904761904761905,0.0,1.0714285714285714,0.0,0.0,0.0,0.0,1.4523809523809523,0,0.0,0.0,0.0,0.0,0.0,0.0,0.0,0.0,0.0,0.0,0.0,0.0,1.119047619047619,0.0,0,0.0,0.0,0.0,0.0,0.0,0.0,0.0,0.0,0.0,0.0,0.0,0.0,0,0.0,0,0.0,0,0.0,0.0,0.0,0,0.0,0.0,0.0,0.0,0.0,0.0,0.0,0.0,0.0,0.0,0.0,0.0,0.0,0.0,0.0,0,0.0,0.0,0,0.0,0.0,0.0,0.0,0.0,0.0,0.0,0.0,0,0.0,0.0,0.0,0.0,0,0.0,0.0,0.0,0,0.0,0,0,0,0.0,0.0,0.0,0.0,0,0,0,0,0,0,0,0,0,0.0,0,0,0,19
101,1,0.0,0.0,0.0,0.0,0.0,0.0,0.0,0.0,0.0,0.0,0.0,0.0,0.0,0.0,0.0,0.0,0.0,1.2619047619047619,1.5,0.0,0.0,0.0,0.0,1.4285714285714286,0.0,0.0,0.0,0.0,0.0,0.0,0.0,0.0,1.4047619047619047,0.0,0.0,0.0,0.0,0.0,0.0,0.0,1.2857142857142858,0.0,1.4523809523809523,0.0,0.0,0.0,0.0,0.0,0.0,0.0,0.0,0.0,0.0,0.0,0,0.0,0.0,0.0,0.0,0.0,0.0,0.0,0.0,0.0,0,0.0,0.0,0.0,1.3095238095238095,0.0,0.0,0.0,0.0,0.0,0.0,1.3333333333333333,0.0,0.0,0.0,0.0,0.0,0,0.0,0.0,0.0,0.0,0.0,0.0,0.0,0.0,0.0,0.0,0.0,0.0,0.0,0.0,0,0.0,1.380952380952381,0.0,1.4761904761904763,0.0,0.0,0.0,0.0,0.0,0.0,0.0,0.0,0,0.0,0,0.0,0,0.0,0.0,0.0,0,0.0,0.0,0.0,0.0,0.0,0.0,0.0,0.0,0.0,0.0,0.0,0.0,1.3571428571428572,0.0,0.0,0,0.0,0.0,0,0.0,0.0,0.0,0.0,0.0,0.0,0.0,0.0,0,0.0,0.0,0.0,0.0,0,0.0,0.0,0.0,0,0.0,0,0,0,0.0,0.0,0.0,0.0,0,0,0,0,0,0,0,0,0,0.0,0,0,0,11
